transaction_id,account_number,counterparty_account,amount,currency,timestamp,category,channel,description
TX0000001,7426211087,1000000024,17.48,USD,2026-07-08 13:36:40,servicios,app,pago servicios
TX0000002,4366963124,1000000040,11.77,USD,13/08/2026,servicios,web,pago servicios
TX0000003,8978080987,4987049964,USD 42.18,USD,1789455520000,restaurantes,cajero,pago restaurantes
TX0000004,3498277064,1000000040,$7.65,USD,2026-07-21 23:33:37,transporte,sucursal,pago transporte
TX0000005,2268550924,8865793031,"41,10",USD,2026/06/26 08:14:01,compras,app,pago compras
TX0000006,7851264619,2319945230,68.17,usd,1787276160,compras,,pago compras
TX0000007,2268550924,2284927809,85.59,usd,2026-08-30T17:20:37Z,educacion,web,pago educacion
TX0000008,8340365066,6530351102,"43,14",USD,1788891257,educacion,cajero,pago educacion
TX0000009,7851264619,7851264619,42.81,USD,04-Aug-2026 10:00,transporte,app,pago transporte
TX0000010,3006045029,2933498566,  35.60 ,USD,1785767631000,transporte,web,pago transporte
TX0000011,5653412139,7855828617,52.96,USD,1783970187,,web,pago educacion
TX0000012,7851264619,5653412139,$50.93,USD,1787299344000,ocio,web,pago ocio
TX0000013,8978080987,8026322977,USD 13.83,USD,1782314360000,supermercado,web,pago supermercado
TX0000014,4366963124,3100533532,USD 16.98,USD,1786642441,,cajero,pago transporte
TX0000015,2933498566,6823345381,21.70,USD,2026/07/04 16:12:25,transporte,app,pago transporte
TX0000016,5653412139,1000000032,"63,80",USD,1784041614,transporte,sucursal,pago transporte
TX0000017,6530351102,3195408319,-11.59,USD,2026-07-18T05:49:27Z,transporte,sucursal,pago transporte
TX0000018,8327192111,6504559771,"23,41",USD,1787432609000,transporte,cajero,pago transporte
TX0000019,2069779912,4311913901,20.26,USD,2026-08-11T11:05:11Z,compras,web,pago compras
TX0000020,8865793031,8978080987,"26,76",USD,31/08/2026,transporte,app,pago transporte
TX0000650,4311913901,3006045029,$18.48,USD,06/09/2026 04:26,supermercado,cajero,pago supermercado
TX0000021,2933498566,2319945230,28.51,usd,1788160510000,supermercado,sucursal,pago supermercado
TX0000022,4396707111,8865793031,"46,19",usd,2026-06-17 20:27:57,salud,sucursal,pago salud
TX0000023,2319945230,4983620826,"13,99",USD,1781789025,ocio,sucursal,pago ocio
TX0000024,4135002980,2069779912,19.90,USD,06-Aug-2026 04:03,supermercado,sucursal,pago supermercado
TX0000025,4953104850,6823345381,"52,75",usd,1785204873000,servicios,sucursal,pago servicios
TX0000026,4983620826,3669448445,"93,25",USD,1785410650,compras,sucursal,pago compras
TX0000027,1000000032,4396707111,  32.50 ,USD,1782384896000,restaurantes,app,pago restaurantes
TX0000028,8327192111,6537787563,$14.07,,1787062891,transporte,app,pago transporte
TX0000029,4311913901,8026322977,  31.30 ,USD,1787525863000,restaurantes,cajero,pago restaurantes
TX0000030,2268550924,2341263966,60.33,usd,2026/07/22 08:17:24,educacion,web,pago educacion
TX0000031,3195408319,4347607386,"30,38",USD,24/07/2026 22:05,salud,cajero,pago salud
TX0000032,3195408319,8978080987,"24,17",usd,04-Jul-2026 13:40,transporte,app,pago transporte
TX0000033,4953104850,2268550924,USD 26.71,USD,1783849154,restaurantes,app,pago restaurantes
TX0000034,4953104850,6823345381,76.21,USD,13/09/2026,educacion,web,pago educacion
TX0000035,4953104850,1000000024,78.50,USD,2026/08/14 20:33:29,servicios,app,pago servicios
TX0000036,1000000024,8865793031,  25.49 ,USD,2026-07-08 02:59:05,educacion,cajero,pago educacion
TX0000037,2933498566,6504559771,USD 31.00,USD,07-Aug-2026 13:53,supermercado,sucursal,pago supermercado
TX0000038,8978080987,8464126898,17.89,usd,25/08/2026,educacion,app,pago educacion
TX0000039,2319945230,4498177346,17.10,USD,01/09/2026,salud,sucursal,pago salud
TX0000040,2319945230,2933498566,  12.76 ,USD,,transporte,web,pago transporte
TX0000041,8464126898,8865793031,USD 35.96,USD,2026-07-08 09:44:52,educacion,sucursal,pago educacion
TX0000042,3498277064,8865793031,"43,36",USD,01/07/2026 22:15,servicios,web,pago servicios
TX0000043,4498177346,7426211087,"11,67",USD,29-Jun-2026 23:25,supermercado,app,pago supermercado
TX0000044,7855828617,7426211087,33.82,USD,28/07/2026,servicios,sucursal,pago servicios
TX0000045,3669448445,4396707111,USD 16.29,USD,2026-07-13 00:06:48,ocio,cajero,pago ocio
TX0000046,8327192111,7855828617,20.17,USD,30-Jun-2026 18:32,transporte,web,pago transporte
TX0000047,6530351102,4498177346,  31.78 ,usd,2026/07/11 10:25:50,compras,sucursal,pago compras
TX0000048,6504559771,2069779912,"73,36",USD,1786147904,educacion,app,pago educacion
TX0000049,2341263966,2933498566,12..5.x,USD,17/08/2026,educacion,sucursal,pago educacion
TX0000050,2284927809,8865793031,USD 31.51,USD,2026/07/15 13:46:47,supermercado,app,pago supermercado
TX0000051,3100533532,4629506280,  15.74 ,USD,2026-08-07T20:04:15Z,restaurantes,web,pago restaurantes
TX0000052,2319945230,3195408319,9.58,USD,2026/09/05 07:55:47,transporte,cajero,pago transporte
TX0000053,3498277064,1000000024,57.78,USD,03-Sep-2026 00:51,salud,cajero,pago salud
TX0000054,8026322977,5653412139,"76,43",usd,17/07/2026,salud,app,pago salud
TX0000055,3100533532,8026322977,"12,13",usd,11/08/2026 06:03,compras,app,pago compras
TX0000056,4983620826,3100533532,21.74,USD,2026/09/09 21:52:44,servicios,web,pago servicios
TX0000469,4135002980,1000000032,52.67,USD,1788644971,educacion,web,pago educacion
TX0000057,4983620826,4396707111,84.02,USD,2026-06-25 11:45:47,servicios,app,pago servicios
TX0000058,1000000040,3100533532,"33,95",USD,01-Sep-2026 08:13,supermercado,sucursal,pago supermercado
TX0000595,1000000040,4135002980,37.14,USD,1785367059000,transporte,cajero,pago transporte
TX0000059,5653412139,4498177346,"53,17",usd,2026-07-29T01:48:21Z,educacion,app,pago educacion
TX0000060,4135002980,2284927809,"15,27",USD,1784832830,ocio,sucursal,pago ocio
TX0000061,4629506280,8464126898,"30,18",USD,1784302020000,compras,cajero,pago compras
TX0000062,1000000040,3669448445,USD 50.88,USD,25/06/2026,ocio,app,pago ocio
TX0000063,6823345381,3714328816,"43,60",USD,1784891129000,supermercado,web,pago supermercado
TX0000064,3714328816,8026322977,91.56,USD,1787060782000,educacion,cajero,pago educacion
TX0000065,6823345381,2268550924,  100.34 ,usd,21/06/2026,supermercado,cajero,pago supermercado
TX0000066,8327192111,3100533532,"36,13",usd,1786663064000,ocio,web,pago ocio
TX0000067,12345,2069779912,  39.12 ,USD,01/09/2026,compras,app,pago compras
TX0000068,4953104850,4347607386,  38.00 ,USD,1788188587,educacion,sucursal,pago educacion
TX0000069,3714328816,0204750894,  48.80 ,USD,1783459657000,,app,pago salud
TX0000070,8026322977,4135002980,"91,25",USD,23/06/2026 18:23,,sucursal,pago educacion
TX0000071,1000000032,7851264619,29.59,usd,2026-07-19T20:00:36Z,supermercado,web,pago supermercado
TX0000072,4396707111,3714328816,15.71,usd,1784510337000,salud,app,pago salud
TX0000073,6537787563,8978080987,28.04,usd,14-Aug-2026 05:25,servicios,app,pago servicios
TX0000074,2933498566,7855828617,$145.81,USD,1781802711,transporte,web,pago transporte
TX0000075,5653412139,8340365066,$61.38,USD,31/08/2026,supermercado,sucursal,pago supermercado
TX0000076,3714-328816,1000000040,$93.52,USD,25/06/2026 11:43,servicios,app,pago servicios
TX0000077,7851264619,3100533532,"32,66",USD,2026/07/17 02:48:22,ocio,sucursal,pago ocio
TX0000078,3498277064,3195408319,52.12,USD,23/06/2026,ocio,web,pago ocio
TX0000079,4135002980,8865793031,USD 4.63,USD,2026-08-14 02:00:49,salud,cajero,pago salud
TX0000080,4983620826,8026322977,35.75,,08/09/2026 03:43,servicios,sucursal,pago servicios
TX0000081,8464126898,5653412139,12.72,USD,01/07/2026 15:24,educacion,sucursal,pago educacion
TX0000082,1000000016,8978080987,"23,56",usd,03/08/2026 13:12,educacion,cajero,pago educacion
TX0000083,5653412139,7855828617,  12.93 ,USD,1789247812000,ocio,cajero,pago ocio
TX0000084,8978080987,6537787563,77.62,USD,19/07/2026,restaurantes,cajero,pago restaurantes
TX0000085,2284927809,8978080987,46.79,usd,2026-08-12 19:10:04,servicios,cajero,pago servicios
TX0000086,4953104850,1000000024,$65.99,USD,05/07/2026 09:32,transporte,cajero,pago transporte
TX0000087,8865793031,4983620826,14.41,USD,1785635389000,transporte,cajero,pago transporte
TX0000088,4396707111,2069779912,  14.46 ,USD,28/08/2026 06:09,educacion,sucursal,pago educacion
TX0000089,3498277064,3195408319,"31,04",USD,1784963813000,servicios,sucursal,pago servicios
TX0000090,1000000032,4366963124,"57,14",usd,28/06/2026 13:55,supermercado,web,pago supermercado
TX0000091,8978080987,1000000040,"32,63",USD,1788246822,servicios,sucursal,pago servicios
TX0000092,3195408319,6823345381,USD 38.20,USD,1784990523,transporte,web,pago transporte
TX0000093,4366963124,1000000016,"1,323.71",USD,2026/09/02 11:37:13,educacion,app,pago educacion
TX0000094,1000000016,8464126898,USD 84.69,USD,2026-08-24 01:30:55,educacion,app,pago educacion
TX0000095,8978080987,4366963124,19.65,,2026/06/30 11:39:28,transporte,app,pago transporte
TX0000096,6530351102,4987049964,18.95,USD,26-Jul-2026 00:00,salud,web,pago salud
TX0000097,4987049964,8978080987,8.09,USD,2026-07-17 11:30:23,ocio,cajero,pago ocio
TX0000098,4953104850,6823345381,24.81,USD,2026-07-05T14:08:29Z,educacion,web,pago educacion
TX0000099,8865793031,2319945230,  23.06 ,USD,09-Sep-2026 21:49,transporte,web,pago transporte
TX0000100,8978080987,8340365066,48.21,USD,2026-06-27 02:17:15,restaurantes,app,pago restaurantes
TX0000101,4366963124,2284927809,$39.87,USD,2026-06-30T05:14:50Z,transporte,,pago transporte
TX0000102,4396707111,3006045029,"62,03",usd,2026-07-09 05:54:31,ocio,app,pago ocio
TX0000103,7855828617,4629506280,"38,89",usd,2026-08-01 01:00:47,transporte,cajero,pago transporte
TX0000104,4987049964,1000000040,  30.47 ,USD,2026-08-07 00:41:53,ocio,sucursal,pago ocio
TX0000105,7855828617,4366963124,49.61,USD,1785606495,transporte,sucursal,pago transporte
TX0000106,8026322977,4629506280,134.82,usd,16-Jul-2026 01:14,educacion,sucursal,pago educacion
TX0000107,3498277064,2268550924,11.27,USD,1781779070,servicios,cajero,pago servicios
TX0000108,8327192111,6537787563,37.17,USD,30/07/2026,servicios,web,pago servicios
TX0000136,6537787563,8340365066,"9,35",USD,1782772598,educacion,sucursal,pago educacion
TX0000106,8026322977,4629506280,134.82,usd,16-Jul-2026 01:14,educacion,sucursal,pago educacion
TX0000109,7426211087,4347607386,  24.39 ,USD,15/07/2026 05:24,servicios,cajero,pago servicios
TX0000110,4311913901,8340365066,,,15-Aug-2026 06:28,restaurantes,sucursal,pago restaurantes
TX0000111,5653412139,8340365066,USD 28.76,USD,2026-06-21 01:58:13,educacion,app,pago educacion
TX0000112,3006045029,4498177346,23.70,,29-Jul-2026 15:00,educacion,app,pago educacion
TX0000113,3714328816,8026322977,  46.18 ,usd,2026/08/20 17:28:34,transporte,web,pago transporte
TX0000114,6823345381,4983620826,33.84,USD,2026-06-24 09:10:34,compras,sucursal,pago compras
TX0000115,8026322977,5653412139,125.61,usd,2026-06-18 05:51:29,salud,sucursal,pago salud
TX0000116,3100533532,3006045029,USD 29.86,USD,11/09/2026,,app,pago servicios
TX0000117,3669448445,3195408319,"58,93",,30/07/2026 06:07,salud,app,pago salud
TX0000118,4987049964,4135002980,  26.16 ,,1785373360000,restaurantes,cajero,pago restaurantes
TX0000119,1000-000016,8327192111,"64,17",USD,1787356396,servicios,sucursal,pago servicios
TX0000120,6823345381,8865793031,"135,47",USD,20/08/2026 22:29,ocio,web,pago ocio
TX0000121,7855828617,8464126898,"101,03",USD,31/07/2026 02:27,restaurantes,web,pago restaurantes
TX0000122,4983620826,3006045029,37.67,usd,20/07/2026,,app,pago restaurantes
TX0001322,4983620826,4347607386,-100.57,USD,2026/07/06 21:05:43,salud,cajero,pago salud
TX0000123,3100533532,7426211087,19.48,XXX,1782984658000,compras,app,pago compras
TX0000124,8464126898,4347607386,30.10,USD,2026/09/08 22:52:13,restaurantes,sucursal,pago restaurantes
TX0000125,1000000024,3669448445,USD 18.74,USD,2026-09-11T20:56:13Z,salud,app,pago salud
TX0000126,3669448445,4629506280,29.66,USD,1787102084000,salud,web,pago salud
TX0000127,5653412139,8327192111,72.84,USD,07/07/2026,educacion,sucursal,pago educacion
TX0000128,3498277064,8464126898,79.10,USD,06-Jul-2026 02:49,ocio,web,pago ocio
TX0000129,6823345381,4983620826,80.06,USD,1784345154000,supermercado,sucursal,pago supermercado
TX0000130,2268550924,6504559771,USD 45.61,USD,2026-07-15T05:25:10Z,transporte,app,pago transporte
TX0000131,5653412139,6504559771,50.17,USD,1785301330,transporte,sucursal,pago transporte
TX0000132,4311913901,3669448445,$24.34,USD,05-Sep-2026 19:57,supermercado,cajero,pago supermercado
TX0000133,4366963124,7855828617,N/A,usd,03/09/2026 07:52,transporte,sucursal,pago transporte
TX0000134,8026322977,7851264619,141.75,usd,2026/09/02 08:13:16,restaurantes,cajero,pago restaurantes
TX0000135,8464126898,5653412139,"162,30",usd,2026-07-25T15:54:59Z,educacion,app,pago educacion
TX0000136,6537787563,8340365066,"9,35",USD,1782772598,educacion,sucursal,pago educacion
TX0000137,3669448445,7855828617,22.22,USD,11/07/2026 00:17,restaurantes,app,pago restaurantes
TX0000138,8327192111,4983620826,51.28,USD,24/08/2026 22:27,transporte,sucursal,pago transporte
TX0000139,6530351102,2341263966,USD 10.42,USD,2026/09/04 06:49:10,salud,app,pago salud
TX0000140,2933498566,6504559771,USD 59.07,USD,05/07/2026 07:28,,app,pago restaurantes
TX0000141,4311913901,8865793031,39.34,USD,2026/07/28 11:18:18,supermercado,,pago supermercado
TX0000142,2284927809,1000000016,44.11,USD,24/07/2026,servicios,cajero,pago servicios
TX0000143,8865793031,4347607386,abc,USD,2026/09/02 20:14:14,ocio,app,pago ocio
TX0000144,2284927809,4629506280,"80,43",usd,2026-08-11 11:04:18,ocio,web,pago ocio
TX0000145,2933-498566,1000000032,125.08,USD,1783988221,compras,web,pago compras
TX0000146,5653412139,4983620826,85.40,USD,1786463805000,educacion,web,pago educacion
TX0000147,2341263966,3669448445,27.69,USD,1784543793,compras,web,pago compras
TX0000148,4953104850,6530351102,  82.16 ,USD,30/07/2026 19:16,servicios,sucursal,pago servicios
TX0000149,3006045029,3195408319,50.19,,27/06/2026 15:12,transporte,cajero,pago transporte
TX0000150,3714328816,4987049964,57.63,usd,1784411288,transporte,cajero,pago transporte
TX0000151,3195408319,4347607386,39.75,USD,2026-07-08T15:33:49Z,transporte,sucursal,pago transporte
TX0000152,6823345381,3100533532,"11,13",usd,21/07/2026 04:58,servicios,app,pago servicios
TX0000153,3669448445,7851264619,USD 21.06,usd,2026/09/11 15:01:26,restaurantes,app,pago restaurantes
TX0000154,1000000016,3100533532,8408.02,USD,2026-08-08T03:15:00Z,supermercado,app,pago supermercado
TX0000155,4953104850,2069779912,"70,39",usd,1783119454000,ocio,app,pago ocio
TX0000156,7426211087,8865793031,"15,36",USD,20/06/2026,servicios,sucursal,pago servicios
TX0000157,1000000032,8327192111,"22,99",usd,20/06/2026 04:50,salud,cajero,pago salud
TX0000158,2933498566,4135002980,"18,48",USD,2026/08/28 02:54:12,transporte,sucursal,pago transporte
TX0000159,6537787563,7851264619,"16,82",usd,2026/06/20 13:31:45,restaurantes,cajero,pago restaurantes
TX0000160,4953104850,2284927809,66.51,USD,25-Jul-2026 00:20,restaurantes,cajero,pago restaurantes
TX0000161,3498277064,8464126898,USD 71.83,USD,1784395263000,ocio,cajero,pago ocio
TX0000162,1000000040,1000000024,USD 12.34,USD,07/09/2026,transporte,web,pago transporte
TX0000163,12345,3100533532,USD 85.24,USD,22-Jul-2026 12:49,transporte,sucursal,pago transporte
TX0000164,3006045029,4311913901,USD 32.19,usd,21/06/2026,educacion,web,pago educacion
TX0000165,8865-793031,7855828617,  33.61 ,USD,19-Aug-2026 20:52,salud,app,pago salud
TX0000166,1000000032,8464126898,"17,13",usd,2026-08-27T20:09:35Z,supermercado,app,pago supermercado
TX0000167,7453010699,5653412139,38.32,USD,2026-08-11 07:08:43,salud,web,pago salud
TX0000168,8464126898,4366963124,"40,57",USD,1788343385000,supermercado,sucursal,pago supermercado
TX0000169,4366963124,1000000016,$28.55,USD,2026-07-17 01:50:08,educacion,sucursal,pago educacion
TX0000170,1000000032,4983620826,"55,50",USD,09-Jul-2026 04:49,salud,web,pago salud
TX0000171,2319945230,3714328816,$8.30,usd,05/09/2026,ocio,web,pago ocio
TX0000172,7426211087,3498277064,abc,USD,1786829889,salud,sucursal,pago salud
TX0000173,4347607386,1000000016,"39,00",USD,2026-07-02 09:13:16,servicios,app,pago servicios
TX0000174,5653412139,2268550924,"30,65",USD,1781740382,transporte,sucursal,pago transporte
TX0000175,4135002980,4366963124,9.33,USD,08-Aug-2026 00:09,transporte,app,pago transporte
TX0000176,6530351102,8865793031,"16,81",USD,2026/08/15 03:37:32,transporte,web,pago transporte
TX0000177,3006045029,1000000016,$20.72,USD,14/08/2026,educacion,cajero,pago educacion
TX0000178,8865793031,4135002980,67.51,USD,2026/06/23 09:04:35,transporte,sucursal,pago transporte
TX0000179,4135002980,3498277064,"9,29",USD,2026/08/23 08:36:11,salud,sucursal,pago salud
TX0000180,4396707111,6504559771,24.93,USD,13/07/2026 22:37,salud,cajero,pago salud
TX0000181,1000000024,7426211087,"54,87",USD,04/07/2026,educacion,app,pago educacion
TX0000182,3100533532,4135002980,13.25,USD,1786046106,compras,web,pago compras
TX0000183,4498177346,8978080987,14.93,USD,1784093199000,compras,sucursal,pago compras
TX0000184,7851264619,3006045029,28.42,USD,06/09/2026 12:15,ocio,sucursal,pago ocio
TX0000185,2284927809,3195408319,USD 44.72,USD,23/07/2026 20:36,ocio,cajero,pago ocio
TX0000186,2341263966,1000000016,  35.52 ,USD,21/06/2026,,sucursal,pago transporte
TX0000187,3195408319,1000000040,27.43,usd,13-Jul-2026 02:56,supermercado,app,pago supermercado
TX0000188,2268550924,4983620826,"45,67",usd,2027-10-20T12:00:00Z,transporte,cajero,pago transporte
TX0000189,4953104850,8340365066,$46.46,USD,22/07/2026,educacion,cajero,pago educacion
TX0000190,6823345381,1000000032,"24,69",usd,1782215573,ocio,app,pago ocio
TX0000191,3498277064,4983620826,"85,98",USD,2026-07-04T12:47:04Z,servicios,cajero,pago servicios
TX0000192,7855828617,8464126898,82.79,USD,22/06/2026,,app,pago ocio
TX0000193,4498177346,7855828617,14.73,USD,12/07/2026 03:10,educacion,web,pago educacion
TX0000194,4629506280,1000000024,USD 19.38,usd,06/09/2026 22:19,servicios,sucursal,pago servicios
TX0000195,4366963124,8327192111,"15,90",USD,1787935523000,restaurantes,sucursal,pago restaurantes
TX0000196,4135002980,3669448445,USD 10.20,USD,30-Jul-2026 10:59,salud,web,pago salud
TX0000197,6504559771,3100533532,"141,43",usd,2026-08-09T17:04:25Z,educacion,app,pago educacion
TX0000198,4347607386,6504559771,75.67,USD,,salud,cajero,pago salud
TX0000199,6537787563,8026322977,49.48,USD,2026-06-22T18:22:43Z,salud,app,pago salud
TX0000200,6504559771,8026322977,$31.82,USD,1785294757,transporte,cajero,pago transporte
TX0000201,6530351102,8327192111,37.50,USD,2026-08-16T03:49:23Z,compras,sucursal,pago compras
TX0000202,5653412139,1000000040,  124.40 ,,18/08/2026 10:40,transporte,app,pago transporte
TX0000203,2069779912,1000000032,$19.40,usd,09/08/2026 02:09,compras,web,pago compras
TX0000204,2069779912,7851264619,10.43,USD,25-Jul-2026 19:25,educacion,sucursal,pago educacion
TX0000205,4498177346,5653412139,"11,85",USD,2026-08-18T23:52:13Z,supermercado,app,pago supermercado
TX0000206,4953104850,7855828617,"63,44",usd,02-Aug-2026 06:23,servicios,cajero,pago servicios
TX0000207,7851264619,7851264619,34.85,usd,03/08/2026 00:01,ocio,app,pago ocio
TX0000208,6823345381,4953104850,37.26,USD,09-Sep-2026 22:23,ocio,app,pago ocio
TX0000209,1000000032,2933498566,"25,36",usd,1782823622000,,app,pago restaurantes
TX0000210,1000000024,8327192111,13.06,USD,2026/09/13 21:31:36,supermercado,app,pago supermercado
TX0000211,5653412139,3714328816,104.12,USD,2026/08/13 17:13:11,educacion,web,pago educacion
TX0000212,4983620826,3006045029,0.00,usd,1784106353,salud,web,pago salud
TX0000213,3714328816,4987049964,73.83,USD,1787848568000,salud,sucursal,pago salud
TX0000214,4953104850,8865793031,"61,13",USD,2026-08-26 23:52:33,compras,cajero,pago compras
TX0000215,8464126898,2319945230,  23.23 ,usd,01/08/2026 02:13,transporte,cajero,pago transporte
TX0000216,1000000016,6504559771,36.52,USD,1787607919,,app,pago restaurantes
TX0000217,3195408319,1000000024,23.45,usd,1784688900000,salud,web,pago salud
TX0000218,2933498566,3195408319,"67,00",USD,2026-06-18 22:32:13,transporte,sucursal,pago transporte
TX0000169,4366963124,1000000016,$28.55,USD,2026-07-17 01:50:08,educacion,sucursal,pago educacion
TX0000219,2933498566,6530351102,52.16,USD,10-Sep-2026 00:05,transporte,sucursal,pago transporte
TX0000220,3195408319,8978080987,  30.26 ,USD,31/08/2026,ocio,app,pago ocio
TX0000221,4498177346,4987049964,"13,63",USD,2026/08/01 19:45:59,compras,web,pago compras
TX0000222,4396707111,3100533532,--,USD,26-Aug-2026 08:57,ocio,web,pago ocio
TX0000223,3006045029,4983620826,25.11,USD,2026-07-30 18:53:35,transporte,cajero,pago transporte
TX0000224,4987049964,4135002980,"25,42",usd,09/09/2026 20:23,ocio,sucursal,pago ocio
TX0000225,8978080987,4629506280,N/A,USD,1782196266,transporte,app,pago transporte
TX0000226,4366963124,8340365066,  14.14 ,USD,2026/07/15 02:23:54,,sucursal,pago restaurantes
TX0000227,5653412139,1000000024,58.89,USD,01/08/2026 12:41,servicios,app,pago servicios
TX0000228,4347607386,2319945230,44.17,USD,12/08/2026 03:38,restaurantes,cajero,pago restaurantes
TX0000229,4953104850,7851264619,"24,76",USD,1783676647000,educacion,cajero,pago educacion
TX0000230,7851264619,1000000032,  58.73 ,USD,2026/09/09 12:54:08,ocio,app,pago ocio
TX0000231,4987049964,6530351102,$7.69,USD,2026/09/13 22:24:52,restaurantes,web,pago restaurantes
TX0000232,8340365066,7851264619,80.25,USD,1789132951000,servicios,app,pago servicios
TX0000233,8327192111,2268550924,USD 39.93,usd,2026-09-01 08:55:46,educacion,web,pago educacion
TX0000234,6823345381,4311913901,48.31,USD,2026/08/02 03:37:28,compras,sucursal,pago compras
TX0000235,8327192111,4366963124,"33,26",USD,2026-07-24T20:01:40Z,educacion,sucursal,pago educacion
TX0000236,5653412139,8327192111,57.61,USD,1784757060,ocio,cajero,pago ocio
TX0000237,8464126898,2284927809,"37,34",USD,2026-07-14 08:51:28,,cajero,pago transporte
TX0000238,2933498566,8464126898,USD 33.76,USD,1786425731000,,app,pago compras
TX0000239,8865793031,4498177346,USD 20.01,usd,2026/08/26 20:47:13,ocio,sucursal,pago ocio
TX0000240,5653412139,1000000040,"50,72",usd,1783212062,transporte,cajero,pago transporte
TX0000241,7851264619,6504559771,"20,72",USD,12/09/2026 11:05,ocio,app,pago ocio
TX0000242,4953104850,4983620826,"60,55",usd,2026-07-02 00:50:57,transporte,web,pago transporte
TX0000243,3714328816,2284927809,$42.41,USD,11/07/2026 00:06,servicios,cajero,pago servicios
TX0000244,4953104850,6537787563,"14,86",USD,2026-08-08 03:18:03,compras,web,pago compras
TX0000245,7851264619,2268550924,"31,91",usd,2026-07-19T00:58:06Z,ocio,,pago ocio
TX0000246,8978080987,4498177346,"16,28",USD,19/07/2026,transporte,app,pago transporte
TX0000247,4135002980,6504559771,7.15,USD,1784715222,ocio,sucursal,pago ocio
TX0000248,3100533532,7851264619,  15.47 ,USD,17-Jul-2026 07:42,supermercado,sucursal,pago supermercado
TX0000249,3669448445,4311913901,35.22,USD,2026/06/20 15:57:47,supermercado,web,pago supermercado
TX0000250,2341263966,2319945230,61.30,usd,2026-07-29T19:14:49Z,transporte,web,pago transporte
TX0000251,4953104850,2284927809,"35,74",,2026-07-28T02:33:19Z,servicios,web,pago servicios
TX0000252,6823345381,4366963124,94.76,USD,2026-07-06T11:22:34Z,ocio,cajero,pago ocio
TX0000253,4396707111,4953104850,75.51,USD,11/08/2026,salud,sucursal,pago salud
TX0000254,8327192111,3714328816,  14.93 ,USD,07/09/2026 14:29,educacion,web,pago educacion
TX0000255,4987049964,1000000024,USD 17.10,USD,2026-06-25 10:52:40,supermercado,sucursal,pago supermercado
TX0000256,3714328816,1000000024,  54.94 ,USD,13-Jul-2026 10:24,servicios,sucursal,pago servicios
TX0000257,4366963124,4396707111,  36.63 ,USD,1785404733000,,web,pago restaurantes
TX0000258,4311913901,8327192111,33.10,USD,1786824057,restaurantes,sucursal,pago restaurantes
TX0000259,4366963124,4629506280,  46.02 ,USD,30/06/2026,educacion,cajero,pago educacion
TX0000260,3100533532,2069779912,17.17,USD,1787571985000,compras,cajero,pago compras
TX0000261,2268550924,4953104850,  10633.41 ,USD,03/09/2026 19:54,supermercado,cajero,pago supermercado
TX0000262,2284927809,7851264619,-13.48,USD,25/07/2026 20:49,servicios,sucursal,pago servicios
TX0000263,1000000040,8978080987,"57,56",usd,1783934086,servicios,cajero,pago servicios
TX0000264,4135002980,7855828617,6.82,USD,06/07/2026,transporte,,pago transporte
TX0000265,4987049964,8464126898,46.62,usd,21-Jul-2026 17:07,supermercado,web,pago supermercado
TX0000266,4498177346,3714328816,USD 12.04,USD,2026-08-04 23:03:56,educacion,app,pago educacion
TX0000267,8978080987,3498277064,24.96,USD,1783563619000,ocio,sucursal,pago ocio
TX0000268,4396707111,3498277064,  44.11 ,USD,2026-06-27 18:18:01,educacion,cajero,pago educacion
TX0000269,4498177346,3195408319,3.98,usd,2026/08/13 09:04:40,educacion,app,pago educacion
TX0000270,1000000024,4629506280,  41.04 ,,08-Jul-2026 18:47,servicios,sucursal,pago servicios
TX0000271,8978080987,3498277064,USD 8.19,USD,17-Aug-2026 08:33,restaurantes,web,pago restaurantes
TX0000272,6823345381,1000000024,$54.51,USD,2026/09/05 10:27:58,supermercado,sucursal,pago supermercado
TX0000273,3498277064,1000000016,USD 30.54,USD,11/07/2026,ocio,cajero,pago ocio
TX0000274,,4366963124,"72,27",USD,01/08/2026 15:35,servicios,app,pago servicios
TX0000275,8464126898,4135002980,14.51,USD,1782663144000,,cajero,pago salud
TX0000276,3669448445,2933498566,  12.63 ,USD,22/07/2026,ocio,web,pago ocio
TX0000277,4366963124,1000000016,USD 40.28,USD,2026-06-25 07:32:30,supermercado,sucursal,pago supermercado
TX0000278,8865793031,2341263966,13.81,usd,1788662203,ocio,app,pago ocio
TX0000279,4983620826,4953104850,94.15,USD,2026-06-21T01:57:17Z,restaurantes,sucursal,pago restaurantes
TX0000280,7851264619,2268550924,$53.86,USD,2026-08-14 10:15:12,transporte,app,pago transporte
TX0000281,8464126898,4347607386,"41,77",USD,16-Aug-2026 07:44,educacion,app,pago educacion
TX0000282,4366963124,4311913901,USD 26.06,USD,17/08/2026 04:48,servicios,,pago servicios
TX0001635,3100533532,2069779912,"15,49",USD,06/07/2026 15:24,educacion,cajero,pago educacion
TX0000283,1000000016,8026322977,"44,21",USD,2026-07-20T15:15:07Z,supermercado,web,pago supermercado
TX0000284,2933498566,4498177346,USD 132.61,USD,2026-07-26 03:10:19,transporte,web,pago transporte
TX0000285,2319945230,4629506280,11.02,USD,1785525357,compras,cajero,pago compras
TX0000286,4135002980,2933498566,"43,59",USD,09/08/2026 23:16,,app,pago educacion
TX0000287,4987-049964,2069779912,,USD,16/08/2026 21:37,restaurantes,cajero,pago restaurantes
TX0000288,8340365066,3714328816,"129,66",USD,01-Aug-2026 11:51,supermercado,web,pago supermercado
TX0000123,3100533532,7426211087,19.48,XXX,1782984658000,compras,app,pago compras
TX0000289,4135002980,6537787563,USD 27.98,usd,16/07/2026,salud,sucursal,pago salud
TX0001475,6504559771,6823345381,19.03,USD,04-Jul-2026 11:40,supermercado,cajero,pago supermercado
TX0000290,8026322977,3006045029,"69,80",USD,09/09/2026 17:07,salud,cajero,pago salud
TX0000291,4347607386,3669448445,77.84,usd,2026-09-14 13:39:22,restaurantes,sucursal,pago restaurantes
TX0000292,3100533532,7851264619,32.28,USD,1781832979,servicios,app,pago servicios
TX0000293,4498177346,7851264619,,USD,1786590791,educacion,app,pago educacion
TX0000294,3100533532,3100533532,18.35,USD,03/07/2026 03:42,servicios,sucursal,pago servicios
TX0000295,8026322977,7855828617,USD 98.98,USD,2026-09-13T22:37:40Z,salud,cajero,pago salud
TX0000296,4135002980,6504559771,USD 7.66,USD,2026-09-14T01:03:37Z,ocio,sucursal,pago ocio
TX0000297,2341263966,2268550924,63.60,USD,02/07/2026 09:29,,cajero,pago servicios
TX0000298,4311913901,3195408319,$31.43,USD,09/08/2026,transporte,sucursal,pago transporte
TX0000299,6530351102,8340365066,19.49,USD,1784190602000,transporte,app,pago transporte
TX0000300,3669448445,6530351102,  24.84 ,USD,19-Aug-2026 21:31,ocio,sucursal,pago ocio
TX0000301,3100533532,2319945230,  19.20 ,USD,18-Jul-2026 10:51,,web,pago restaurantes
TX0000302,8026322977,4983620826,  87.05 ,USD,2026-07-08T15:36:40Z,,sucursal,pago salud
TX0000303,1000000016,4629506280,44.79,USD,1781915501,educacion,web,pago educacion
TX0000304,2933498566,8978080987,"79,31",usd,13/07/2026 17:51,supermercado,web,pago supermercado
TX0000305,4311913901,2268550924,29.54,USD,,servicios,app,pago servicios
TX0000306,8464126898,7426211087,-25.86,USD,2026-07-06 21:06:53,supermercado,cajero,pago supermercado
TX0000307,4498177346,4366963124,"9,76",usd,1788791026000,educacion,app,pago educacion
TX0000308,6504559771,4953104850,24.53,USD,1783154860,salud,app,pago salud
TX0000309,5653412139,4311913901,USD 34.09,usd,05/07/2026,transporte,web,pago transporte
TX0000310,8026322977,6504559771,$18.64,USD,1784517812,salud,app,pago salud
TX0000311,4953104850,3006045029,USD 63.02,USD,17-Aug-2026 23:46,compras,web,pago compras
TX0000312,7426211087,6504559771,"24,65",USD,26/07/2026,educacion,sucursal,pago educacion
TX0000313,1000000016,8026322977,35.97,USD,17-Jun-2026 09:17,transporte,sucursal,pago transporte
TX0000314,3195408319,6823345381,22.91,USD,2026-08-10 15:04:31,educacion,app,pago educacion
TX0000315,4498177346,8865793031,  9.19 ,USD,2026-08-08 01:23:16,servicios,web,pago servicios
TX0000316,4987049964,4347607386,"25,40",usd,10/09/2026 19:25,supermercado,sucursal,pago supermercado
TX0000317,8464126898,2319945230,USD 25.06,USD,1787286905,educacion,sucursal,pago educacion
TX0000318,4396707111,9319173845,18.54,usd,2026-07-25 16:35:06,educacion,cajero,pago educacion
TX0000319,3714328816,5653412139,57.27,USD,14/09/2026 08:52,transporte,sucursal,pago transporte
TX0000320,8340365066,4498177346,108.34,USD,2026-08-15 22:16:13,educacion,web,pago educacion
TX0000321,4953104850,8978080987,"111,34",USD,2026-07-04T17:08:50Z,educacion,sucursal,pago educacion
TX0000322,3714-328816,4953104850,USD 44.93,USD,2026/07/05 15:16:32,,app,pago transporte
TX0000323,4396-707111,7851264619,"16,29",USD,1786333665,salud,web,pago salud
TX0000324,1000000032,3100533532,"2764,61",,1785316478,salud,sucursal,pago salud
TX0000325,4396707111,2069779912,39.96,USD,08/07/2026,salud,web,pago salud
TX0000326,,7851264619,USD 10.88,USD,12-Aug-2026 05:03,ocio,app,pago ocio
TX0000327,2284927809,3669448445,USD 26.87,USD,2026-07-20 13:25:09,ocio,web,pago ocio
TX0000328,4396707111,1000000032,"28,38",,1782116159000,salud,app,pago salud
TX0000329,3714328816,4987049964,USD 51.65,usd,2026/07/22 16:17:00,servicios,web,pago servicios
TX0000330,,4347607386,"35,62",USD,02/09/2026,salud,web,pago salud
TX0000331,2319945230,3100533532,93.45,usd,2026/07/01 17:41:43,ocio,web,pago ocio
TX0000332,7855828617,4983620826,37.60,USD,1786871788,servicios,web,pago servicios
TX0000333,1000000032,4396707111,64.56,USD,2026-09-14 09:06:20,supermercado,web,pago supermercado
TX0000334,8978080987,4396707111,"10,92",USD,31/08/2026,ocio,sucursal,pago ocio
TX0000335,7851264619,3714328816,"39,26",USD,12-Jul-2026 12:08,ocio,app,pago ocio
TX0000336,8865793031,4629506280,18.09,usd,02-Sep-2026 21:49,transporte,cajero,pago transporte
TX0000337,8978080987,3714328816,$38.73,USD,2026-09-07T00:41:33Z,transporte,web,pago transporte
TX0000338,6530351102,2933498566,25.30,usd,2026-07-09T22:42:49Z,supermercado,sucursal,pago supermercado
TX0000339,2069779912,4347607386,5.79,USD,2026-07-09 18:57:26,supermercado,web,pago supermercado
TX0000340,2319945230,3195408319,$23.17,usd,09/09/2026 20:31,ocio,app,pago ocio
TX0000341,3714328816,2268550924,$39.35,,2026-09-12 03:34:48,salud,app,pago salud
TX0000342,8978080987,2069779912,"21,44",USD,11/09/2026 15:49,ocio,sucursal,pago ocio
TX0000343,4629506280,8464126898,USD 78.16,USD,20/06/2026,servicios,,pago servicios
TX0000344,5653412139,2284927809,  12.54 ,USD,1787309809000,educacion,web,pago educacion
TX0000345,1000000032,8865793031,62.91,USD,1788177039,restaurantes,web,pago restaurantes
TX0000346,4135002980,7426211087,  20.77 ,USD,19/08/2026 06:20,educacion,sucursal,pago educacion
TX0000347,3100533532,3195408319,  18.04 ,usd,08/07/2026,restaurantes,cajero,pago restaurantes
TX0000348,1000000016,5653412139,"68,99",USD,27/06/2026 08:05,restaurantes,sucursal,pago restaurantes
TX0000349,7855828617,7851264619,,USD,25-Aug-2026 22:13,restaurantes,cajero,pago restaurantes
TX0000350,3669448445,3498277064,USD 15.01,USD,2026-07-11 05:49:43,restaurantes,app,pago restaurantes
TX0000351,4366963124,5653412139,-11.16,usd,2026-08-01T10:55:30Z,restaurantes,cajero,pago restaurantes
TX0000352,3669448445,4498177346,USD 68.42,USD,1782751543,ocio,web,pago ocio
TX0000353,1000000024,6504559771,10.90,usd,2026-07-24T17:09:05Z,servicios,web,pago servicios
TX0000354,9063398101,3669448445,25.01,USD,2026/09/04 21:29:36,transporte,web,pago transporte
TX0000355,4953104850,2933498566,$19.41,USD,2026-08-31 12:00:29,restaurantes,web,pago restaurantes
TX0000356,2341263966,3100533532,"23,43",USD,20/07/2026,servicios,sucursal,pago servicios
TX0000357,8978-080987,3006045029,68.96,USD,07/08/2026 14:52,transporte,cajero,pago transporte
TX0000358,3006045029,4311913901,17.19,usd,1784374129,educacion,cajero,pago educacion
TX0000359,1000000016,6823345381,20.80,USD,2026-07-26T06:48:15Z,supermercado,app,pago supermercado
TX0000360,2284927809,2268550924,USD 57.52,USD,14/08/2026 22:41,compras,app,pago compras
TX0000361,2319945230,3498277064,USD 8.59,usd,2026-08-31 22:07:54,compras,web,pago compras
TX0000362,8327192111,1000000040,"23,34",USD,1787723221000,educacion,web,pago educacion
TX0000363,4366963124,2268550924,9.35,usd,1787235883000,restaurantes,cajero,pago restaurantes
TX0000364,3669448445,2319945230,$29.37,USD,10/09/2026,restaurantes,app,pago restaurantes
TX0000365,8464126898,3006045029,  39.07 ,,28/07/2026,ocio,web,pago ocio
TX0000366,4983620826,1000000016,"45,90",USD,13/09/2026 14:28,restaurantes,web,pago restaurantes
TX0000367,3669448445,6823345381,USD 30.38,USD,31/08/2026 22:22,ocio,cajero,pago ocio
TX0000368,2069779912,3100533532,USD 9.87,USD,2026/07/20 02:11:10,supermercado,web,pago supermercado
TX0000369,3286710291,6537787563,31.02,usd,2026-08-17T21:14:13Z,transporte,web,pago transporte
TX0000370,2341263966,4498177346,41.68,USD,2026/08/14 23:34:03,compras,web,pago compras
TX0000371,8464126898,6504559771,USD 18.99,USD,12/09/2026 17:25,restaurantes,cajero,pago restaurantes
TX0000372,2319945230,2268550924,"32,72",USD,2026-07-10 05:48:07,ocio,app,pago ocio
TX0000373,4396707111,4311913901,  19.80 ,usd,2026-09-13T02:32:48Z,transporte,app,pago transporte
TX0000374,4987049964,6537787563,  10.68 ,USD,2026/07/20 03:04:52,ocio,sucursal,pago ocio
TX0000375,4629506280,6823345381,$14.87,USD,1785252406,compras,app,pago compras
TX0000376,3100533532,4983620826,"11,79",usd,2026-07-20 21:48:48,ocio,app,pago ocio
TX0000377,8978080987,8865793031,51.13,USD,2026-06-17 14:58:14,restaurantes,sucursal,pago restaurantes
TX0000378,2933498566,1000000032,40.60,USD,24/07/2026 05:22,supermercado,sucursal,pago supermercado
TX0000379,8327192111,8340365066,"26,70",usd,18-Aug-2026 03:29,educacion,app,pago educacion
TX0000380,1000000032,8464126898,$19.10,USD,2026-09-01T23:26:03Z,supermercado,web,pago supermercado
TX0000381,2268550924,1000000032,$63.28,USD,2026-08-17T00:59:03Z,transporte,app,pago transporte
TX0000382,,8464126898,68.58,USD,1788701926,ocio,app,pago ocio
TX0000383,2341263966,6537787563,$49.49,usd,2026/06/18 10:39:38,servicios,cajero,pago servicios
TX0000384,8340365066,4498177346,  30.63 ,USD,2026-07-03T07:18:14Z,restaurantes,sucursal,pago restaurantes
TX0001231,1000000024,1000000032,"17,64",USD,2026-07-24T09:04:04Z,servicios,,pago servicios
TX0000385,4347607386,1000000032,"88,82",USD,2026-06-27T02:15:11Z,ocio,cajero,pago ocio
TX0000386,2069-779912,2341263966,6.12,USD,2026/08/19 15:37:07,educacion,cajero,pago educacion
TX0000387,1000000032,2284927809,"73,54",USD,1784353794000,restaurantes,web,pago restaurantes
TX0000388,8340365066,1000000040,"52,08",USD,2026-08-23 12:07:01,ocio,sucursal,pago ocio
TX0000389,3006045029,1000000024,23.50,USD,19/07/2026,educacion,cajero,pago educacion
TX0000390,4987049964,4983620826,14.91,usd,1782363458000,supermercado,cajero,pago supermercado
TX0000391,4987049964,8865793031,$24.89,USD,05/08/2026,compras,sucursal,pago compras
TX0000392,8978080987,2341263966,USD 34.20,USD,11/09/2026 23:35,compras,app,pago compras
TX0000393,,4366963124,  46.46 ,USD,03/07/2026 17:31,compras,app,pago compras
TX0000394,7851264619,3006045029,"28,61",USD,21-Jun-2026 21:25,compras,cajero,pago compras
TX0000395,3669448445,1000000032,  83.01 ,USD,1783332389000,restaurantes,cajero,pago restaurantes
TX0000396,3498277064,2069779912,54.95,USD,2026-07-02T01:21:10Z,ocio,sucursal,pago ocio
TX0001357,3100533532,3006045029,"40,10",USD,2026-08-12T20:29:29Z,compras,sucursal,pago compras
TX0000397,8327192111,3100533532,$11.84,USD,1788729433,,app,pago ocio
TX0000398,4135002980,4311913901,"10,66",usd,1782084116000,educacion,cajero,pago educacion
TX0000399,2933498566,7851264619,  36.17 ,usd,1786190481,transporte,cajero,pago transporte
TX0000400,1000000024,1000000032,42.79,USD,12/08/2026,transporte,cajero,pago transporte
TX0000401,4987049964,4135002980,$12.34,USD,2026/08/23 23:02:57,supermercado,app,pago supermercado
TX0000402,4983620826,4135002980,"35,01",usd,16/08/2026,servicios,app,pago servicios
TX0000403,3714328816,2268550924,  132.52 ,USD,1787526474000,salud,app,pago salud
TX0000404,8327192111,2341263966,USD 27.45,USD,2026/08/15 01:59:01,educacion,web,pago educacion
TX0000405,3498277064,3714328816,,USD,1785073028,servicios,sucursal,pago servicios
TX0000406,2341263966,8327192111,  51.66 ,USD,26-Jul-2026 09:06,,sucursal,pago transporte
TX0000407,7855828617,3006045029,USD 67.39,USD,16/07/2026,salud,app,pago salud
TX0000408,6823345381,2933498566,  68.70 ,USD,30-Aug-2026 06:56,supermercado,app,pago supermercado
TX0000409,3669448445,2933498566,  111.85 ,usd,2026/07/22 20:58:24,,app,pago ocio
TX0000410,7855828617,4366963124,30.67,USD,2026-08-21T20:41:45Z,restaurantes,cajero,pago restaurantes
TX0000411,3714328816,2268550924,88.28,USD,2026-07-08 18:44:27,servicios,sucursal,pago servicios
TX0000412,4983620826,2284927809,0.00,USD,12/07/2026,servicios,web,pago servicios
TX0000413,5653412139,4366963124,37.32,USD,2026-08-15T16:10:07Z,educacion,web,pago educacion
TX0000414,8978080987,8340365066,"41,51",usd,2026/08/17 15:45:29,ocio,app,pago ocio
TX0000415,3006045029,2933498566,37.24,USD,2026/08/20 04:18:03,transporte,web,pago transporte
TX0000416,8978080987,8327192111,"42,79",USD,1786470441000,transporte,web,pago transporte
TX0000417,4987049964,2268550924,44.61,USD,2026/09/12 12:27:42,ocio,web,pago ocio
TX0000418,4347607386,3195408319,"47,24",USD,1788180598000,servicios,web,pago servicios
TX0000419,7851264619,4311913901,19.60,USD,20/07/2026 08:31,ocio,web,pago ocio
TX0000420,8026322977,8327192111,33.81,usd,2026-07-27 01:29:26,salud,,pago salud
TX0000421,4953104850,4311913901,"53,57",USD,2026-07-08 03:51:55,compras,web,pago compras
TX0000326,,7851264619,USD 10.88,USD,12-Aug-2026 05:03,ocio,app,pago ocio
TX0000422,8327192111,4366963124,"43,18",USD,2026/08/13 12:39:26,educacion,,pago educacion
TX0000423,8464126898,12345,"32,26",USD,14/08/2026 13:59,transporte,app,pago transporte
TX0000424,4311913901,4987049964,  38.84 ,USD,1784664109,restaurantes,cajero,pago restaurantes
TX0000425,4498177346,2268550924,"16,78",usd,1784344921,supermercado,cajero,pago supermercado
TX0000426,3195408319,4987049964,"46,63",usd,1783174951000,salud,app,pago salud
TX0000427,4135002980,2933498566,USD 15.25,usd,30-Aug-2026 20:13,ocio,web,pago ocio
TX0000428,6504559771,3498277064,144.07,USD,1783969075,servicios,sucursal,pago servicios
TX0000429,2284927809,1000000024,57.72,usd,24-Jun-2026 17:38,educacion,web,pago educacion
TX0000430,3669448445,7426211087,11.18,USD,1788887721,servicios,sucursal,pago servicios
TX0000431,1000000032,8026322977,49.96,USD,30/06/2026 20:10,restaurantes,cajero,pago restaurantes
TX0000432,2341263966,8464126898,"24,73",USD,21/08/2026 05:59,transporte,web,pago transporte
TX0000433,8026322977,2341263966,139.16,USD,31-Aug-2026 21:17,supermercado,sucursal,pago supermercado
TX0000434,8865793031,8464126898,15.69,USD,01-Jul-2026 18:05,salud,sucursal,pago salud
TX0000435,3714328816,6537787563,"52,45",USD,22/08/2026,supermercado,web,pago supermercado
TX0000436,4366963124,2268550924,  14.13 ,,1787825861000,restaurantes,app,pago restaurantes
TX0000437,2341-263966,7851264619,"41,52",USD,2026/07/30 08:52:37,transporte,web,pago transporte
TX0000438,6504559771,7426211087,$51.92,USD,2026/09/04 17:41:01,salud,cajero,pago salud
TX0000439,3669448445,8978080987,"19,68",USD,24/06/2026 03:49,ocio,cajero,pago ocio
TX0000440,7855828617,8340365066,USD 42.44,usd,15-Aug-2026 01:02,salud,web,pago salud
TX0000441,6530351102,3006045029,"13,36",USD,1785798347000,educacion,web,pago educacion
TX0000442,1000000024,4396707111,"98,72",USD,1783273931000,transporte,web,pago transporte
TX0000443,4987049964,2284927809,  36.19 ,USD,24-Jul-2026 23:29,ocio,app,pago ocio
TX0000444,6504559771,4396707111,,USD,1785664778,transporte,cajero,pago transporte
TX0000445,4396707111,2933498566,21.26,USD,25-Jul-2026 12:02,restaurantes,app,pago restaurantes
TX0000446,6504559771,2933498566,USD 31.79,USD,2026-07-02 10:28:40,educacion,web,pago educacion
TX0000447,4366-963124,1000000024,"11,45",USD,2026-08-11 20:32:00,transporte,sucursal,pago transporte
TX0000448,2069779912,4396707111,$16.60,USD,29-Jun-2026 09:19,educacion,sucursal,pago educacion
TX0000449,4311913901,4498177346,6.62,usd,2026-09-12T04:15:19Z,restaurantes,sucursal,pago restaurantes
TX0000450,1000000016,4498177346,18.97,usd,1786406870000,supermercado,web,pago supermercado
TX0000451,4983-620826,2069779912,"64,33",USD,2026-08-05T12:37:12Z,,sucursal,pago salud
TX0000452,4366963124,2341263966,"48,89",USD,27/07/2026 08:08,restaurantes,cajero,pago restaurantes
TX0000453,4953104850,5653412139,92.38,USD,1785814791,servicios,web,pago servicios
TX0000454,3498277064,2268550924,59.89,usd,25/06/2026,salud,cajero,pago salud
TX0000455,3669448445,8865793031,$14.09,usd,30/08/2026 17:35,restaurantes,sucursal,pago restaurantes
TX0000456,4953104850,3714328816,  106.45 ,USD,2026-08-23 17:58:44,educacion,sucursal,pago educacion
TX0000457,3006045029,8340365066,  35.53 ,usd,1782180869,educacion,app,pago educacion
TX0000458,4983620826,7851264619,USD 45.80,usd,2026-07-22T14:00:35Z,restaurantes,app,pago restaurantes
TX0000459,5653412139,2069779912,USD 126.97,USD,01/07/2026,transporte,web,pago transporte
TX0000460,2341263966,3498277064,"61,18",USD,1783154301000,servicios,app,pago servicios
TX0000461,8464126898,7426211087,"24,39",USD,20/07/2026 19:11,salud,sucursal,pago salud
TX0000462,3006045029,0684554856,"10,64",USD,1783874026000,salud,web,pago salud
TX0000463,4498177346,6537787563,  13.32 ,USD,2026-06-18 05:07:05,compras,web,pago compras
TX0000464,1000000040,2284927809,"11,48",USD,2026-09-09T03:34:39Z,ocio,sucursal,pago ocio
TX0000465,1000000016,8865793031,86.14,usd,08/09/2026 09:31,salud,web,pago salud
TX0000466,4629506280,4629506280,"24,67",XXX,2026-06-21 22:37:53,transporte,web,pago transporte
TX0000467,8026322977,4347607386,$93.01,usd,29/08/2026 13:17,educacion,web,pago educacion
TX0000468,4953104850,4498177346,43.89,USD,1785124201000,transporte,web,pago transporte
TX0000469,4135002980,1000000032,52.67,USD,1788644971,educacion,web,pago educacion
TX0000470,1000000040,3714328816,69.69,USD,2026-07-20T11:05:46Z,restaurantes,app,pago restaurantes
TX0000471,8340365066,7426211087,49.30,USD,1784331241,educacion,web,pago educacion
TX0000472,12345,6504559771,"92,46",usd,2026-08-26T14:36:14Z,servicios,sucursal,pago servicios
TX0000473,3100533532,6537787563,USD 9.45,USD,2026/07/09 19:29:17,servicios,cajero,pago servicios
TX0000474,,8865793031,26.86,USD,03/08/2026,transporte,cajero,pago transporte
TX0000475,6504559771,1000000024,abc,USD,18-Aug-2026 08:21,,app,pago transporte
TX0000476,1000000032,4983620826,USD 219.56,USD,1784679579,supermercado,sucursal,pago supermercado
TX0000477,2341263966,3498277064,  30.72 ,usd,11/09/2026,compras,sucursal,pago compras
TX0000478,5653412139,7855828617,USD 132.86,USD,2026/07/03 02:48:20,salud,web,pago salud
TX0000479,1000000024,8340365066,USD 62.13,USD,15/07/2026 00:48,servicios,sucursal,pago servicios
TX0000480,7426211087,3195408319,"11,13",USD,25-Aug-2026 14:38,educacion,cajero,pago educacion
TX0000481,2319945230,6530351102,14.47,USD,1783038380000,servicios,web,pago servicios
TX0000482,7855828617,7426211087,USD 58.61,USD,19-Jul-2026 23:26,restaurantes,cajero,pago restaurantes
TX0000483,3195408319,8464126898,USD 34.63,usd,2026-07-31T20:32:20Z,supermercado,cajero,pago supermercado
TX0000484,4498177346,2069779912,$10.91,USD,2026-06-29 11:28:11,supermercado,app,pago supermercado
TX0000485,3195-408319,7855828617,$23.61,usd,25/07/2026,supermercado,sucursal,pago supermercado
TX0000486,8865793031,2933498566,"32,71",usd,2026/08/07 23:21:26,ocio,web,pago ocio
TX0000487,6504559771,1000000016,"15,19",USD,2026/06/18 12:06:54,transporte,cajero,pago transporte
TX0000488,4135002980,6823345381,USD 13.18,usd,2026-07-04T15:05:13Z,compras,web,pago compras
TX0000489,8327192111,4135002980,  25.19 ,usd,1784383183,educacion,web,pago educacion
TX0000490,4347607386,6504559771,"35,19",USD,06-Jul-2026 22:11,restaurantes,sucursal,pago restaurantes
TX0000491,4629506280,7426211087,$71.04,usd,1782650962000,restaurantes,app,pago restaurantes
TX0000492,2284927809,1000000040,  47.79 ,USD,2026/06/27 04:59:28,compras,cajero,pago compras
TX0000493,1000000016,4498177346,  74.64 ,USD,1786381294000,salud,sucursal,pago salud
TX0001410,5653412139,7851264619,USD 52.43,USD,06-Aug-2026 12:21,educacion,app,pago educacion
TX0000494,4498177346,4135002980,"11,52",USD,2026/08/29 00:14:01,,cajero,pago compras
TX0000495,12345,4987049964,24.95,USD,07/08/2026,salud,sucursal,pago salud
TX0000496,4135002980,1000000024,USD 13.62,USD,2026-07-09T19:34:54Z,,web,pago educacion
TX0000497,3498277064,2933498566,USD 32.37,USD,2026/08/21 00:21:35,ocio,sucursal,pago ocio
TX0000498,4983620826,4347607386,,USD,2026-06-21T01:40:07Z,restaurantes,cajero,pago restaurantes
TX0000499,4311913901,2268550924,74.35,USD,1787173181000,supermercado,sucursal,pago supermercado
TX0000500,2933498566,4953104850,$35.53,usd,2026/07/06 22:04:22,supermercado,cajero,pago supermercado
TX0000501,2319945230,4347607386,9.31,usd,1789457255000,restaurantes,web,pago restaurantes
TX0000502,2284927809,6823345381,  12.87 ,usd,20-Jun-2026 22:28,ocio,sucursal,pago ocio
TX0000503,3498277064,4983620826,USD 72.54,USD,2026-06-27T13:14:17Z,servicios,app,pago servicios
TX0000504,8464126898,7851264619,$13.56,USD,2026-08-31 04:11:24,transporte,sucursal,pago transporte
TX0000505,2341263966,4366963124,USD 26.23,usd,2026-08-17T00:07:34Z,educacion,sucursal,pago educacion
TX0000506,8327192111,3195408319,-19.15,usd,1782505771,educacion,cajero,pago educacion
TX0000507,4366963124,2319945230,45.87,USD,2026-07-06 23:11:12,,sucursal,pago transporte
TX0000508,4347607386,3100533532,  70.94 ,USD,2026-07-07 23:39:38,restaurantes,web,pago restaurantes
TX0000927,8026322977,4311913901,  60.64 ,usd,1784037648000,educacion,web,pago educacion
TX0000509,7851264619,8865793031,USD 100.75,USD,31/07/2026 05:02,compras,app,pago compras
TX0000510,4135002980,1000000016,"19,50",USD,2026/07/12 15:18:53,salud,web,pago salud
TX0000511,8865793031,8327192111,USD 25.45,USD,04/07/2026,salud,cajero,pago salud
TX0000512,8978080987,3498277064,9.80,usd,2026-08-04 06:38:21,,app,pago transporte
TX0000513,4983620826,6537787563,"45,66",USD,2026/07/29 17:58:24,servicios,cajero,pago servicios
TX0000514,7855828617,4629506280,"21,52",USD,1783495702000,ocio,web,pago ocio
TX0000515,2341263966,4311913901,"76,16",usd,23/07/2026,compras,cajero,pago compras
TX0000516,2268550924,6504559771,"51,65",USD,1786641557,compras,web,pago compras
TX0000517,3195408319,4983620826,USD 64.23,USD,22/08/2026,ocio,,pago ocio
TX0000518,8026322977,4135002980,"23,10",USD,2026-08-04T02:31:52Z,salud,sucursal,pago salud
TX0000519,8026322977,4311913901,90.79,usd,2026-07-14T19:55:45Z,supermercado,sucursal,pago supermercado
TX0000520,2069779912,7855828617,6.96,USD,2026-09-06T18:20:56Z,educacion,cajero,pago educacion
TX0000521,3100533532,4347607386,$35.30,USD,2026-06-28 20:51:21,restaurantes,app,pago restaurantes
TX0001567,5653412139,4953104850,-124.88,,24/06/2026 08:07,educacion,web,pago educacion
TX0000522,1000000040,8978080987,"29,16",USD,1787444182000,educacion,web,pago educacion
TX0000523,4366963124,3714328816,"38,43",usd,06/08/2026 22:49,servicios,sucursal,pago servicios
TX0000524,6504559771,3669448445,42.86,USD,22/08/2026,servicios,sucursal,pago servicios
TX0000525,7851264619,8865793031,  66.03 ,USD,11-Sep-2026 08:34,compras,cajero,pago compras
TX0000526,3006045029,8026322977,  64.53 ,usd,2026-07-03T20:35:04Z,transporte,app,pago transporte
TX0000527,4629506280,2933498566,USD 25.22,USD,31/08/2026,salud,app,pago salud
TX0000528,6823345381,2341263966,28.32,USD,26/07/2026,servicios,web,pago servicios
TX0000529,6530351102,6823345381,USD 28.62,usd,06-Aug-2026 05:28,transporte,cajero,pago transporte
TX0000530,8327192111,4135002980,30.41,USD,22/08/2026 16:13,servicios,cajero,pago servicios
TX0000531,3006045029,8026322977,21.48,USD,11-Sep-2026 08:47,transporte,app,pago transporte
TX0000532,8865793031,6823345381,"23,96",USD,1787596298,ocio,cajero,pago ocio
TX0000533,4396707111,1000000032,41.65,USD,2026-08-02 16:56:25,educacion,cajero,pago educacion
TX0000534,7855828617,2284927809,USD 32.42,USD,1785585448000,restaurantes,web,pago restaurantes
TX0000535,4629506280,2341263966,60.66,USD,02-Jul-2026 10:45,transporte,cajero,pago transporte
TX0000536,1000000032,6823345381,"46,39",USD,2026-09-11T04:16:33Z,ocio,sucursal,pago ocio
TX0001472,3714328816,2341263966,  87.42 ,USD,1785252976000,restaurantes,web,pago restaurantes
TX0000537,4983620826,2341263966,  48.86 ,USD,1782582299,restaurantes,app,pago restaurantes
TX0000538,2933498566,6537787563,"106,17",USD,06/07/2026,transporte,,pago transporte
TX0000539,3006045029,4498177346,95.82,USD,1787208248000,transporte,cajero,pago transporte
TX0000540,4311913901,3195408319,$20.39,usd,28-Jun-2026 03:24,servicios,app,pago servicios
TX0000541,4105754557,5653412139,,USD,1781924100000,educacion,web,pago educacion
TX0000542,1000000040,4498177346,"107,17",,1788189835,educacion,app,pago educacion
TX0000543,7426211087,4498177346,$19.25,USD,2026/09/07 15:17:32,servicios,cajero,pago servicios
TX0000544,8978080987,3195408319,34.25,USD,1788682429000,restaurantes,app,pago restaurantes
TX0000545,4629506280,3100533532,$42.41,usd,30/06/2026,restaurantes,app,pago restaurantes
TX0000546,1000000016,4629506280,131.56,USD,21/07/2026,,web,pago salud
TX0000547,4396707111,3498277064,12..5.x,USD,1786024819000,transporte,web,pago transporte
TX0000548,2069779912,3006045029,19.66,usd,2026-08-19T09:07:07Z,compras,sucursal,pago compras
TX0000549,8327192111,8026322977,"38,86",USD,2026/09/04 15:05:27,educacion,,pago educacion
TX0000550,2069779912,3100533532,USD 7.03,USD,2026-07-23T17:23:02Z,supermercado,sucursal,pago supermercado
TX0000551,4498177346,1000000032,  12.24 ,USD,1786676594,salud,app,pago salud
TX0000552,2268550924,1000000032,$183.32,USD,20-Jun-2026 13:55,compras,web,pago compras
TX0001337,4629506280,1000000016,46.08,USD,2027-10-20T12:00:00Z,salud,,pago salud
TX0000777,2284927809,3195408319,"25,99",USD,2026-08-28 11:15:30,educacion,web,pago educacion
TX0001749,2341263966,1000000032,  11.73 ,XXX,30/07/2026,transporte,cajero,pago transporte
TX0000553,8978080987,7426211087,79.89,usd,19-Aug-2026 07:58,transporte,cajero,pago transporte
TX0000554,1000000040,4366963124,"51,65",usd,03/07/2026 20:01,educacion,,pago educacion
TX0000555,2069779912,5653412139,$19.97,usd,1784488506,salud,web,pago salud
TX0000556,1000000040,6530351102,39.74,USD,14/07/2026 05:11,transporte,web,pago transporte
TX0000557,2933498566,4629506280,  64.89 ,,1788233578,restaurantes,app,pago restaurantes
TX0000558,4983620826,3195408319,"42,70",USD,2026-08-03T21:06:17Z,restaurantes,web,pago restaurantes
TX0000559,4396707111,7855828617,USD 26.66,usd,2026-08-16T00:03:44Z,ocio,sucursal,pago ocio
TX0000560,4987049964,8340365066,26.58,usd,2026-06-27T17:35:03Z,salud,app,pago salud
TX0000561,2319945230,1000000040,8.90,USD,2026/06/20 20:40:20,educacion,web,pago educacion
TX0000562,2069779912,4983620826,18.59,USD,1788143227,supermercado,web,pago supermercado
TX0000563,1000000032,7855828617,56.51,USD,24/07/2026,supermercado,app,pago supermercado
TX0000564,2319945230,8464126898,"12,37",USD,2026/09/09 07:37:29,servicios,app,pago servicios
TX0000565,3669448445,4366963124,$21.44,usd,11/07/2026,ocio,web,pago ocio
TX0000566,8978080987,5653412139,-35.48,USD,1788400639,supermercado,cajero,pago supermercado
TX0000567,4347607386,4311913901,"172,47",USD,2026/07/21 11:05:14,,web,pago servicios
TX0000568,3195408319,2319945230,19.64,USD,2026-07-04T23:01:31Z,ocio,cajero,pago ocio
TX0000569,2284927809,4135002980,$36.45,USD,04/07/2026 22:38,servicios,web,pago servicios
TX0000570,1000000032,4629506280,$36.84,usd,17/08/2026 07:35,restaurantes,sucursal,pago restaurantes
TX0000571,3100533532,1000000024,USD 5.05,usd,2026/07/08 17:31:27,compras,sucursal,pago compras
TX0000572,3100533532,2933498566,USD 16.20,USD,1785867551,compras,app,pago compras
TX0000573,3669448445,2284927809,144.22,USD,1787085352,ocio,,pago ocio
TX0000574,8464126898,7851264619,11.43,USD,04/08/2026,transporte,cajero,pago transporte
TX0000575,6823345381,8340365066,USD 90.44,USD,2026-08-08T13:39:58Z,servicios,app,pago servicios
TX0000576,3669448445,8865793031,$13.25,usd,1787987230,salud,web,pago salud
TX0000577,4629506280,2284927809,  67.57 ,usd,2026-07-16T18:44:12Z,salud,,pago salud
TX0000578,3498277064,2933498566,  17.22 ,USD,07/09/2026,ocio,web,pago ocio
TX0000579,3714328816,3006045029,USD 102.45,USD,2026-09-01T19:47:36Z,salud,app,pago salud
TX0000580,3498277064,3195408319,USD 25.10,USD,26-Jul-2026 20:39,servicios,sucursal,pago servicios
TX0000581,6504559771,1000000024,0.00,USD,1785877495000,salud,sucursal,pago salud
TX0000582,4498177346,3498277064,"21,85",usd,2026-09-13 20:26:19,educacion,cajero,pago educacion
TX0000583,7851264619,4311913901,"24,73",USD,07/07/2026 16:50,transporte,cajero,pago transporte
TX0000584,3100533532,2341263966,18.70,USD,1784949875000,educacion,cajero,pago educacion
TX0000585,4629506280,7426211087,"40,04",USD,1782842171,salud,web,pago salud
TX0000586,3714328816,3100533532,USD 96.64,usd,1787942209,salud,web,pago salud
TX0000587,5653412139,2268550924,"24,45",USD,18-Jun-2026 08:34,educacion,sucursal,pago educacion
TX0000588,4135002980,2284927809,"13,76",USD,08-Aug-2026 18:54,,sucursal,pago salud
TX0000589,7426211087,3669448445,"8,16",USD,07-Aug-2026 23:40,servicios,cajero,pago servicios
TX0000590,4311913901,2319945230,"55,60",USD,2026-09-04T21:46:04Z,servicios,cajero,pago servicios
TX0000140,2933498566,6504559771,USD 59.07,USD,05/07/2026 07:28,,app,pago restaurantes
TX0000591,8464126898,8978080987,USD 82.41,usd,2026-06-18T20:48:20Z,transporte,cajero,pago transporte
TX0000592,7851264619,2284927809,20.39,USD,,,cajero,pago salud
TX0000593,8865793031,8340365066,USD 22.29,USD,2026-07-15 19:01:46,ocio,cajero,pago ocio
TX0000594,8978080987,4396707111,19.34,USD,2026/07/05 13:35:29,servicios,web,pago servicios
TX0000595,1000000040,4135002980,37.14,USD,1785367059000,transporte,cajero,pago transporte
TX0000596,5653412139,1000000032,37.47,usd,2026-08-23T02:13:20Z,ocio,web,pago ocio
TX0000597,4396707111,4983620826,65.06,USD,20/07/2026,restaurantes,web,pago restaurantes
TX0000598,8340365066,3498277064,  13.86 ,USD,21/07/2026 05:04,,sucursal,pago ocio
TX0000521,3100533532,4347607386,$35.30,USD,2026-06-28 20:51:21,restaurantes,app,pago restaurantes
TX0000599,4629506280,3669448445,22.72,USD,06/07/2026 11:50,restaurantes,app,pago restaurantes
TX0000600,3100533532,2341263966,"13,31",USD,1788785652000,restaurantes,app,pago restaurantes
TX0000601,7855828617,8327192111,$60.20,USD,1782567686,servicios,sucursal,pago servicios
TX0000602,4629506280,1000000040,USD 50.24,USD,09/08/2026 03:31,servicios,web,pago servicios
TX0000603,2933498566,6537787563,"35,68",USD,28/06/2026 12:37,supermercado,cajero,pago supermercado
TX0000604,7855828617,8026322977,246.54,USD,08-Sep-2026 21:10,salud,web,pago salud
TX0000605,2341263966,8865793031,73.10,usd,11/08/2026,servicios,sucursal,pago servicios
TX0000606,3498277064,1000000016,  9.46 ,XXX,1785309604,salud,cajero,pago salud
TX0000607,4953104850,2069779912,  104.19 ,usd,2026/09/05 13:06:16,,app,pago educacion
TX0000608,6504559771,2268550924,"47,74",USD,2026/09/10 15:37:19,educacion,,pago educacion
TX0000609,1000000016,8464126898,USD 234.67,USD,1784382028000,educacion,cajero,pago educacion
TX0000610,4983620826,1000000024,N/A,USD,2026/07/12 13:51:27,transporte,app,pago transporte
TX0000611,3100533532,1000000032,  20.94 ,usd,1786976909000,servicios,web,pago servicios
TX0000612,2319945230,6530351102,"24,64",USD,1787704146000,ocio,app,pago ocio
TX0000613,1000000024,2319945230,  11.70 ,USD,2026-07-04 09:12:59,servicios,app,pago servicios
TX0000614,4953104850,4366963124,  57.82 ,USD,1787517899000,salud,app,pago salud
TX0000615,3498277064,2069779912,88.26,usd,1785921239,ocio,sucursal,pago ocio
TX0000616,6537787563,5653412139,USD 28.40,USD,2026/08/01 14:33:52,ocio,app,pago ocio
TX0000617,2268550924,4135002980,USD 53.74,USD,16/07/2026 02:15,educacion,app,pago educacion
TX0000618,5653412139,8865793031,$63.40,usd,2026-06-27 14:31:03,ocio,web,pago ocio
TX0000619,4347607386,4987049964,73.82,USD,2026/07/14 03:43:28,servicios,cajero,pago servicios
TX0000620,1000000016,8978080987,"35,01",usd,2026-08-03 07:04:57,educacion,web,pago educacion
TX0000621,8026322977,4983620826,37.99,USD,2026-08-15 20:21:45,supermercado,web,pago supermercado
TX0000622,3714328816,5653412139,52.84,USD,2026/07/08 10:04:46,,cajero,pago restaurantes
TX0000623,4311913901,7851264619,"48,57",usd,1785920264000,transporte,cajero,pago transporte
TX0000624,4629506280,7855828617,N/A,USD,07/08/2026,salud,app,pago salud
TX0000625,1000000024,4953104850,"35,26",usd,2026-08-10T07:59:26Z,educacion,app,pago educacion
TX0000626,1000000016,3006045029,USD 50.85,USD,30/08/2026 08:35,educacion,app,pago educacion
TX0000627,2284927809,2341263966,$31.18,USD,2026/07/23 03:56:58,,cajero,pago servicios
TX0000628,6504559771,3006045029,56.40,usd,1782631861000,compras,sucursal,pago compras
TX0000629,1000-000040,3195408319,14.82,usd,27/08/2026,supermercado,cajero,pago supermercado
TX0000630,6823345381,2069779912,"81,65",USD,2026/08/29 13:37:43,supermercado,cajero,pago supermercado
TX0000631,4498177346,6530351102,"6,52",usd,1785259674,supermercado,web,pago supermercado
TX0000632,3669448445,3714328816,$37.38,USD,1788364617000,educacion,web,pago educacion
TX0000633,5653412139,6537787563,32.90,USD,2026-08-29 05:31:18,,sucursal,pago servicios
TX0000634,4498177346,6530351102,  18.55 ,USD,1782878739,supermercado,web,pago supermercado
TX0000635,7426211087,3669448445,"386,97",usd,1789087077,servicios,sucursal,pago servicios
TX0000636,4983-620826,2319945230,USD 34.61,usd,27/08/2026,compras,cajero,pago compras
TX0000637,8327192111,8865793031,  57.66 ,USD,1786428357000,servicios,sucursal,pago servicios
TX0000638,6537787563,1000000016,"51,70",USD,1785191243000,salud,sucursal,pago salud
TX0000639,7851264619,2319945230,"6,573.57",usd,2026-07-27T18:25:31Z,ocio,cajero,pago ocio
TX0000170,1000000032,4983620826,"55,50",USD,09-Jul-2026 04:49,salud,web,pago salud
TX0000640,5653412139,1000000024,"1,941.78",usd,2026/06/17 10:48:00,supermercado,app,pago supermercado
TX0000641,3195408319,4396707111,"7,97",USD,1781720883000,transporte,app,pago transporte
TX0000642,3195408319,1000000032,$31.73,USD,2026-09-02T06:42:52Z,,sucursal,pago restaurantes
TX0000643,5653412139,2069779912,USD 57.37,USD,24/06/2026 00:57,ocio,cajero,pago ocio
TX0000644,1000000032,2319945230,USD 27.82,USD,17/07/2026 23:47,supermercado,app,pago supermercado
TX0000645,1000000032,6504559771,"96,24",USD,24-Jul-2026 04:01,restaurantes,web,pago restaurantes
TX0000646,3195408319,8026322977,30.82,USD,27-Jun-2026 05:25,servicios,cajero,pago servicios
TX0000647,7426211087,3006045029,-19.44,USD,2026-07-09T06:35:49Z,compras,sucursal,pago compras
TX0000648,1000000040,1000000016,87.33,USD,2026-09-10 08:41:18,supermercado,cajero,pago supermercado
TX0000649,7855828617,4629506280,"29,01",USD,05/07/2026,servicios,app,pago servicios
TX0000650,4311913901,3006045029,$18.48,USD,06/09/2026 04:26,supermercado,cajero,pago supermercado
TX0000651,6537787563,1000000040,0.00,usd,2026/09/11 00:15:57,compras,web,pago compras
TX0000652,2933498566,3498277064,"29,66",USD,09/08/2026 10:44,supermercado,sucursal,pago supermercado
TX0000653,1000000032,7851264619,USD 71.26,USD,18/06/2026,supermercado,app,pago supermercado
TX0000654,3714328816,6504559771,"74,57",,1785921044,salud,app,pago salud
TX0000655,6504559771,4953104850,7020.21,USD,04/07/2026,educacion,sucursal,pago educacion
TX0000656,2933498566,6537787563,"62,87",usd,1782085547000,,web,pago compras
TX0000657,4983620826,6823345381,10.88,USD,,ocio,web,pago ocio
TX0000658,2933498566,4629506280,$157.53,USD,08/07/2026 07:19,transporte,app,pago transporte
TX0000659,4629506280,2069779912,$80.29,USD,2026-08-08T01:32:58Z,transporte,cajero,pago transporte
TX0000660,8865793031,8327192111,156.97,USD,2026/08/25 02:37:40,transporte,web,pago transporte
TX0000661,8978080987,4135002980,17.20,usd,31-Aug-2026 10:33,ocio,cajero,pago ocio
TX0000662,3669448445,8026322977,USD 18.17,USD,2026-09-02 05:09:02,salud,cajero,pago salud
TX0000663,8327192111,4311913901,20.72,usd,2026/08/16 02:00:12,transporte,web,pago transporte
TX0000664,1000000032,2341263966,"41,42",USD,1786337418000,restaurantes,sucursal,pago restaurantes
TX0000665,2284927809,8695813173,USD 7.87,USD,1784485338,ocio,,pago ocio
TX0000666,2284927809,3669448445,"26,83",USD,2026/06/28 07:05:13,ocio,web,pago ocio
TX0000667,1000000024,1000000032,"44,46",USD,25/07/2026 18:04,servicios,app,pago servicios
TX0000668,8327192111,1000000040,39.83,usd,14-Jul-2026 08:48,transporte,web,pago transporte
TX0000669,6504559771,6537787563,23.68,USD,10/09/2026 20:40,educacion,sucursal,pago educacion
TX0000670,2069779912,3195408319,USD 21.04,USD,27-Aug-2026 01:21,,web,pago compras
TX0000671,4396707111,3100533532,$43.66,USD,2026-07-09T14:29:19Z,educacion,cajero,pago educacion
TX0000672,1000000032,2069779912,37.28,USD,1783060583,restaurantes,app,pago restaurantes
TX0000673,7851264619,2341263966,  54.83 ,USD,14/08/2026 19:17,compras,web,pago compras
TX0000674,5653412139,4396707111,"45,62",USD,27-Jun-2026 13:48,servicios,app,pago servicios
TX0000675,4498177346,8340365066,28.55,USD,2026-08-14 20:07:17,ocio,web,pago ocio
TX0000676,8865793031,7855828617,"18,34",USD,2026-07-07 08:23:36,transporte,cajero,pago transporte
TX0001025,1000000024,6823345381,$79.73,USD,1784998553,servicios,sucursal,pago servicios
TX0000677,3498277064,6504559771,41.51,USD,2026/07/13 01:17:06,supermercado,app,pago supermercado
TX0000678,3195408319,4311913901,15.02,usd,11-Jul-2026 18:15,servicios,sucursal,pago servicios
TX0000679,4987049964,3669448445,0.00,USD,30-Aug-2026 21:34,restaurantes,app,pago restaurantes
TX0000680,7851264619,4987049964,28.65,,16/08/2026,transporte,sucursal,pago transporte
TX0000681,4366963124,6504559771,USD 26.12,USD,22-Jul-2026 00:24,,web,pago servicios
TX0000682,6537787563,4983620826,USD 26.34,USD,2026/07/13 11:00:34,educacion,cajero,pago educacion
TX0000683,2341263966,3006045029,57.53,USD,26/07/2026,transporte,app,pago transporte
TX0000684,5653412139,6504559771,"89,49",USD,2026/08/17 00:47:01,ocio,sucursal,pago ocio
TX0000685,4396707111,2284927809,USD 19.95,USD,11-Aug-2026 16:54,ocio,cajero,pago ocio
TX0000686,3195408319,8865793031,"47,15",USD,26/08/2026,transporte,sucursal,pago transporte
TX0000687,4135002980,6537787563,"24,09",USD,2026/07/14 01:46:07,supermercado,sucursal,pago supermercado
TX0000688,2284927809,1000000040,"45,60",USD,1786194968000,servicios,cajero,pago servicios
TX0000689,8340365066,7855828617,USD 39.68,usd,03-Sep-2026 08:43,servicios,app,pago servicios
TX0000690,6537787563,1172808792,23.09,USD,07/07/2026 16:52,servicios,cajero,pago servicios
TX0000691,4311913901,3669448445,  22.97 ,USD,1784970403000,servicios,web,pago servicios
TX0000692,8327192111,6530351102,118.91,USD,30/06/2026 03:50,servicios,app,pago servicios
TX0000693,8327192111,3006045029,101.19,USD,12-Aug-2026 01:33,educacion,web,pago educacion
TX0000694,4953104850,4135002980,USD 19.97,USD,19/07/2026,restaurantes,app,pago restaurantes
TX0000682,6537787563,4983620826,USD 26.34,USD,2026/07/13 11:00:34,educacion,cajero,pago educacion
TX0000695,1000000016,8026322977,"137,53",USD,1788874893000,supermercado,sucursal,pago supermercado
TX0000696,5653412139,4396707111,98.25,USD,2026-09-07T08:55:49Z,educacion,cajero,pago educacion
TX0000697,4366963124,4396707111,79.08,USD,1783902891,,sucursal,pago restaurantes
TX0000698,3195408319,7855828617,"50,96",USD,1788528601,,sucursal,pago transporte
TX0000699,4987049964,8327192111,"18,14",usd,1785104973,supermercado,cajero,pago supermercado
TX0000700,8865793031,1000000032,"16,80",usd,2026-09-04 08:13:55,transporte,app,pago transporte
TX0000701,7851264619,6504559771,39.88,,15-Sep-2026 02:02,transporte,web,pago transporte
TX0000702,3498277064,7851264619,60.86,USD,1784344263000,servicios,sucursal,pago servicios
TX0000703,6823345381,8978080987,USD 48.42,USD,1782064171,transporte,,pago transporte
TX0000704,8340365066,2284927809,-122.47,USD,2026-09-09T08:29:56Z,compras,sucursal,pago compras
TX0000705,4311913901,4629506280,$21.66,USD,21-Jul-2026 00:32,transporte,sucursal,pago transporte
TX0000706,,4498177346,"213,82",USD,2026/08/12 22:45:13,compras,sucursal,pago compras
TX0000707,4135002980,4987049964,  15.98 ,USD,16-Aug-2026 11:39,ocio,cajero,pago ocio
TX0000708,2268550924,4135002980,50.53,USD,1786822489,compras,app,pago compras
TX0000709,2069779912,2268550924,$14.12,USD,23-Jul-2026 08:29,supermercado,sucursal,pago supermercado
TX0000710,1000000016,8865793031,,USD,03-Jul-2026 12:36,salud,web,pago salud
TX0000711,4953104850,3714328816,32.66,USD,10/07/2026,servicios,cajero,pago servicios
TX0000712,4396707111,4629506280,32.44,USD,1785466473,,web,pago salud
TX0000713,3669448445,8340365066,58.04,usd,2026-08-15 22:43:46,restaurantes,web,pago restaurantes
TX0000714,4396707111,6823345381,$48.45,USD,24-Jul-2026 07:42,salud,cajero,pago salud
TX0000715,1000000040,3714328816,  25.26 ,usd,2026/08/21 05:03:22,supermercado,cajero,pago supermercado
TX0000716,5653412139,4366963124,"131,37",USD,1789166183000,transporte,app,pago transporte
TX0000717,6537787563,8865793031,"31,45",usd,14/09/2026 08:31,servicios,cajero,pago servicios
TX0000718,6823345381,7855828617,USD 47.02,USD,1785760022,ocio,app,pago ocio
TX0000719,1000000040,6537787563,$34.15,USD,25/07/2026 17:00,supermercado,app,pago supermercado
TX0000720,4983620826,2284927809,  92.59 ,USD,02-Jul-2026 00:48,,web,pago servicios
TX0000721,3669448445,6504559771,"13,66",USD,20-Jul-2026 22:06,compras,app,pago compras
TX0000722,4953104850,3195408319,141.97,USD,24-Jul-2026 23:34,restaurantes,app,pago restaurantes
TX0000723,4983-620826,2933498566,32.06,usd,2026-07-04T14:22:27Z,salud,cajero,pago salud
TX0000724,4953104850,2341263966,67.83,USD,2026-08-14T15:29:41Z,supermercado,cajero,pago supermercado
TX0000725,4987049964,4311913901,13.78,USD,17-Jul-2026 05:22,restaurantes,cajero,pago restaurantes
TX0000726,4953104850,2268550924,37.64,USD,1789116352000,educacion,sucursal,pago educacion
TX0000727,2242188222,1000000032,$46.72,USD,2026/06/20 17:19:11,compras,sucursal,pago compras
TX0000728,8327192111,4135002980,90.21,USD,10/07/2026 02:23,educacion,cajero,pago educacion
TX0000729,7855828617,1000000024,46.15,usd,28/07/2026,salud,sucursal,pago salud
TX0000730,7855828617,2069779912,-38.21,USD,2026/08/20 14:39:12,educacion,app,pago educacion
TX0001626,0941987676,2341263966,33.29,USD,2026-08-06T07:10:59Z,ocio,cajero,pago ocio
TX0000731,2319945230,2268550924,8.41,,2026/09/07 23:34:38,ocio,app,pago ocio
TX0000732,8327192111,4347607386,$24.88,USD,1782007119,servicios,app,pago servicios
TX0000733,1000000032,1000000040,22.31,USD,07-Jul-2026 05:55,supermercado,web,pago supermercado
TX0000734,7855828617,1000000032,USD 40.15,USD,1784939257000,,app,pago restaurantes
TX0000735,1000000016,6823345381,"36,03",USD,17/08/2026 00:22,salud,cajero,pago salud
TX0000736,12345,3100533532,"33,00",USD,2026-07-15 00:04:26,supermercado,web,pago supermercado
TX0000737,4953104850,7426211087,USD 29.28,USD,1782084560,transporte,cajero,pago transporte
TX0000738,6537787563,3195408319,37.83,USD,1784275086,transporte,cajero,pago transporte
TX0000739,4987049964,7851264619,USD 20.55,XXX,,restaurantes,sucursal,pago restaurantes
TX0000740,2069779912,8026322977,11.07,USD,,educacion,app,pago educacion
TX0000741,4311913901,1000000032,49.77,usd,1784915846000,supermercado,cajero,pago supermercado
TX0000742,3195408319,7426211087,"48,85",USD,2026/08/21 03:09:54,transporte,,pago transporte
TX0000743,2319945230,8978080987,19.52,USD,2026-07-24T01:09:26Z,ocio,web,pago ocio
TX0000744,8865793031,4987049964,"50,84",USD,1782849380,ocio,,pago ocio
TX0000745,3100533532,7426211087,4.02,USD,2026-08-07T21:33:55Z,compras,sucursal,pago compras
TX0000746,7851264619,8865793031,"28,62",USD,1782637751,ocio,app,pago ocio
TX0000747,2933498566,4498177346,-35.42,usd,1785934818,supermercado,web,pago supermercado
TX0000748,4396707111,4629506280,"50,71",USD,1782290777000,ocio,sucursal,pago ocio
TX0000749,2933498566,4498177346,37.70,USD,09/08/2026 13:15,compras,app,pago compras
TX0000750,4311913901,8327192111,USD 33.42,USD,2026/09/15 01:07:29,transporte,web,pago transporte
TX0000751,2268550924,12345,"40,86",USD,04/07/2026 11:57,servicios,web,pago servicios
TX0000752,,2268550924,145.58,USD,2026-06-18 16:54:34,servicios,cajero,pago servicios
TX0000753,8026322977,4396707111,95.83,,2026-07-04 08:26:50,salud,cajero,pago salud
TX0000754,6504559771,3714328816,17.06,USD,1783094460000,compras,app,pago compras
TX0000755,4953104850,12345,128.47,USD,2026/09/04 23:54:13,servicios,app,pago servicios
TX0000444,6504559771,4396707111,,USD,1785664778,transporte,cajero,pago transporte
TX0000756,8026322977,4311913901,USD 82.69,usd,2026-08-21T07:07:52Z,salud,sucursal,pago salud
TX0000757,4347607386,4396707111,"58,65",USD,2026/08/27 02:30:02,servicios,web,pago servicios
TX0000758,8865793031,1000000016,"45,89",usd,2026/07/07 09:59:20,salud,sucursal,pago salud
TX0000759,8327192111,2069779912,$50.69,USD,31-Jul-2026 10:05,educacion,app,pago educacion
TX0000760,3669448445,4366963124,"24,95",,30-Jun-2026 21:41,ocio,cajero,pago ocio
TX0000761,6823345381,1000000040,  54.72 ,USD,2026-06-21 00:15:19,ocio,cajero,pago ocio
TX0000762,1000000032,4366963124,USD 20.05,USD,20/06/2026 15:37,salud,sucursal,pago salud
TX0000763,1000000040,7851264619,USD 67.62,,26/07/2026 11:35,supermercado,app,pago supermercado
TX0000764,7851264619,2341263966,USD 12.56,usd,2026-08-15T06:27:25Z,salud,sucursal,pago salud
TX0000765,4629506280,6823345381,55.71,usd,2026-07-18 09:10:35,servicios,sucursal,pago servicios
TX0000766,3100533532,7855828617,"33,93",,2026-08-07 16:42:35,compras,app,pago compras
TX0000767,4983620826,7855828617,"72,13",usd,18/06/2026,salud,app,pago salud
TX0000768,4311913901,6537787563,47.31,usd,24/08/2026 11:01,supermercado,sucursal,pago supermercado
TX0000769,3498277064,6823345381,6775.54,USD,2026-07-29T23:57:37Z,ocio,,pago ocio
TX0000770,1000000032,3100533532,$22.06,USD,11/09/2026 22:23,supermercado,cajero,pago supermercado
TX0000771,3006045029,12345,"18,85",USD,28/07/2026,supermercado,web,pago supermercado
TX0000772,3498277064,3669448445,63.85,USD,2026-06-19 03:58:03,ocio,web,pago ocio
TX0000773,2268550924,3669448445,  40.02 ,USD,05/09/2026,educacion,sucursal,pago educacion
TX0000774,2716260845,1000000024,"12,77",USD,25/07/2026 12:54,supermercado,cajero,pago supermercado
TX0000775,6530351102,2319945230,39.46,USD,1783299973000,compras,sucursal,pago compras
TX0000776,3714328816,3006045029,"22,79",USD,15/07/2026 11:45,ocio,cajero,pago ocio
TX0000777,2284927809,3195408319,"25,99",USD,2026-08-28 11:15:30,educacion,web,pago educacion
TX0000778,6530351102,3006045029,22.85,usd,1782862866,compras,web,pago compras
TX0000779,8340365066,8865793031,$55.23,,03/07/2026 05:02,educacion,web,pago educacion
TX0000780,8978080987,1000000040,"48,03",USD,2026-08-25T07:07:04Z,restaurantes,cajero,pago restaurantes
TX0000781,3006045029,3195408319,USD 18.98,USD,2026/09/05 15:58:59,ocio,cajero,pago ocio
TX0000782,1000000032,3006045029,  32.47 ,USD,2026-09-05 13:46:52,transporte,sucursal,pago transporte
TX0000783,7855828617,2069779912,47.66,USD,2026/09/14 05:52:49,ocio,cajero,pago ocio
TX0000784,7426211087,4498177346,$9.20,USD,2026-08-19T10:59:06Z,educacion,app,pago educacion
TX0000785,4135002980,8026322977,USD 10.74,usd,20/06/2026 06:56,educacion,sucursal,pago educacion
TX0000907,4983620826,3498277064,0.00,USD,1783675983000,salud,sucursal,pago salud
TX0000786,3498277064,4983620826,  62.97 ,usd,2026-09-11T12:26:26Z,supermercado,cajero,pago supermercado
TX0000787,4135002980,8327192111,14.78,usd,1783308850,transporte,sucursal,pago transporte
TX0000788,8978080987,2933498566,  49.69 ,usd,2026-06-23T04:20:47Z,ocio,cajero,pago ocio
TX0000789,6504559771,1000000024,286.11,usd,20/06/2026,transporte,web,pago transporte
TX0000790,1000000016,6537787563,"66,30",USD,2026-07-20T11:27:48Z,supermercado,web,pago supermercado
TX0000791,8978080987,4366963124,  28.64 ,USD,2026-08-13T11:47:33Z,restaurantes,cajero,pago restaurantes
TX0000792,3714328816,4953104850,-43.48,USD,2026-09-04 05:35:57,salud,sucursal,pago salud
TX0001113,4983620826,6823345381,  82.99 ,USD,1783376941,servicios,web,pago servicios
TX0000307,4498177346,4366963124,"9,76",usd,1788791026000,educacion,app,pago educacion
TX0000793,4347607386,1000000032,31.99,USD,1784948607000,servicios,web,pago servicios
TX0000794,7426211087,4983620826,USD 15.22,USD,1788842257,salud,app,pago salud
TX0000795,8978080987,7855828617,USD 19.24,,2026/06/29 07:42:53,restaurantes,cajero,pago restaurantes
TX0000796,4396707111,6530351102,,USD,1782570463,ocio,sucursal,pago ocio
TX0000797,2319945230,1000000024,24.23,USD,22-Jun-2026 03:01,educacion,sucursal,pago educacion
TX0000798,8865793031,4396707111,26.57,USD,2026-06-19T00:21:06Z,ocio,cajero,pago ocio
TX0001916,4987049964,2319945230,22.30,USD,04-Jul-2026 05:53,ocio,sucursal,pago ocio
TX0000799,4983620826,4311913901,$66.73,USD,30-Jun-2026 11:32,restaurantes,sucursal,pago restaurantes
TX0000800,6530351102,2268550924,,USD,03/07/2026 01:44,,sucursal,pago compras
TX0000801,5653412139,8865793031,  59.79 ,USD,2026-06-20T00:12:26Z,educacion,sucursal,pago educacion
TX0000802,5653412139,8327192111,-93.45,usd,16/07/2026 20:44,educacion,,pago educacion
TX0000803,3006045029,1000000016,"29,95",USD,2026-08-30 10:19:40,servicios,web,pago servicios
TX0000804,1000000032,3498277064,0.00,USD,1783415067000,restaurantes,web,pago restaurantes
TX0000805,4629506280,6530351102,59.61,USD,1786777898000,salud,app,pago salud
TX0000806,6537787563,8464126898,0.00,USD,1783358978000,compras,cajero,pago compras
TX0000807,4498177346,4347607386,16.45,USD,1788790475,,sucursal,pago educacion
TX0000808,3669448445,7426211087,$19.31,USD,19/07/2026,restaurantes,cajero,pago restaurantes
TX0000809,6823345381,1000000032,"62,18",USD,2026-07-24 18:43:30,supermercado,app,pago supermercado
TX0000810,3006045029,6823345381,  17.83 ,USD,1784435237000,servicios,sucursal,pago servicios
TX0000811,8865-793031,4983620826,  26.64 ,,1782824184,salud,web,pago salud
TX0000812,1000000016,8340365066,USD 31.57,USD,1786149811,educacion,app,pago educacion
TX0000813,6530351102,1000000024,"12,22",usd,01-Aug-2026 14:57,salud,web,pago salud
TX0000814,2319945230,3669448445,"7,30",USD,18-Jul-2026 13:18,supermercado,web,pago supermercado
TX0000815,3669448445,2284927809,USD 32.63,usd,2026-07-09T14:15:13Z,restaurantes,web,pago restaurantes
TX0000816,8865793031,8026322977,28.38,usd,1787540870000,salud,app,pago salud
TX0000817,2933498566,2268550924,  50.03 ,USD,2026-07-07 03:01:45,transporte,sucursal,pago transporte
TX0000818,1000000016,8026322977,32.47,USD,24/06/2026 05:27,salud,web,pago salud
TX0000819,6537787563,4629506280,69.58,USD,17/07/2026 08:33,servicios,sucursal,pago servicios
TX0000820,8340365066,3100533532,49.57,USD,1784516020000,servicios,cajero,pago servicios
TX0000821,4135002980,3006045029,USD 17.37,USD,03/07/2026 15:52,restaurantes,sucursal,pago restaurantes
TX0000822,6530-351102,4135002980,"21,86",USD,2026/07/28 09:56:19,salud,app,pago salud
TX0000823,5653412139,1000000016,USD 27.94,USD,1786480292,educacion,app,pago educacion
TX0000824,8865793031,2319945230,"23,40",USD,2026-07-05T15:27:32Z,transporte,cajero,pago transporte
TX0000825,3714328816,8865793031,$46.00,USD,2026-08-13T13:03:40Z,servicios,app,pago servicios
TX0000826,3498277064,8464126898,96.10,USD,09/09/2026,ocio,sucursal,pago ocio
TX0000827,4366963124,4983620826,USD 14.96,usd,2026/08/14 18:42:13,,sucursal,pago transporte
TX0000828,4588820032,4366963124,USD 25.47,USD,12-Jul-2026 16:15,educacion,cajero,pago educacion
TX0000829,4396707111,2933498566,$8.22,USD,2026/08/06 15:48:13,salud,cajero,pago salud
TX0000830,0273625954,1000000016,  105.78 ,usd,31/07/2026 02:42,salud,cajero,pago salud
TX0000831,3007645469,3100533532,29.36,USD,2026-06-28 18:29:39,ocio,cajero,pago ocio
TX0000832,4987049964,3714328816,USD 34.17,USD,2026-07-15 00:27:30,servicios,sucursal,pago servicios
TX0000833,6504559771,7855828617,18.16,USD,2026-08-25 13:11:28,educacion,app,pago educacion
TX0000834,8340365066,8327192111,50.18,USD,1788202690000,supermercado,app,pago supermercado
TX0000835,8865793031,4366963124,14.51,usd,07/09/2026,ocio,sucursal,pago ocio
TX0000836,8978080987,2933498566,USD 22.72,USD,19/07/2026 15:37,ocio,app,pago ocio
TX0000837,4987049964,4629506280,USD 27.59,usd,2026-06-18T14:56:38Z,supermercado,app,pago supermercado
TX0000838,1000000032,2341263966,USD 34.89,USD,27/07/2026,supermercado,cajero,pago supermercado
TX0000839,1000000032,2284927809,$42.11,USD,2026/07/11 16:58:00,supermercado,cajero,pago supermercado
TX0000840,1000000040,2933498566,12.33,USD,1786172315000,supermercado,sucursal,pago supermercado
TX0000841,8340365066,6504559771,"28,18",usd,02/09/2026,educacion,sucursal,pago educacion
TX0000842,1000000032,4396707111,"29,93",USD,08/07/2026,supermercado,web,pago supermercado
TX0000843,6823345381,2341263966,56.11,usd,2026/07/14 03:41:14,servicios,app,pago servicios
TX0000844,2319945230,8327192111,$20.27,usd,1784755405000,ocio,cajero,pago ocio
TX0000845,1000000024,4983620826,$36.08,usd,1784794181,educacion,sucursal,pago educacion
TX0000846,4629506280,6530351102,  43.12 ,usd,26/08/2026,servicios,sucursal,pago servicios
TX0000847,4366963124,4347607386,USD 21.33,USD,2026-06-22 23:07:24,salud,sucursal,pago salud
TX0000848,2341263966,3195408319,"35,67",USD,2026-08-28 22:07:53,compras,web,pago compras
TX0000849,2284927809,2319945230,"53,78",USD,30/07/2026 11:23,servicios,cajero,pago servicios
TX0000850,2268550924,2069779912,50.50,USD,1789040763000,compras,web,pago compras
TX0001348,4987049964,2933498566,14.18,usd,09-Sep-2026 09:56,restaurantes,sucursal,pago restaurantes
TX0000851,1094369903,3714328816,25.12,USD,1784877349,educacion,web,pago educacion
TX0000852,2341263966,7426211087,13.22,USD,26/08/2026 07:26,servicios,web,pago servicios
TX0000853,2933498566,2319945230,37.77,USD,24/08/2026 04:07,supermercado,sucursal,pago supermercado
TX0000854,1000000016,7855828617,52.84,USD,29/08/2026,educacion,sucursal,pago educacion
TX0000855,8026322977,8978080987,USD 62.68,USD,29-Jul-2026 22:03,salud,web,pago salud
TX0000856,4135002980,6504559771,USD 9.55,USD,09-Jul-2026 10:48,restaurantes,web,pago restaurantes
TX0000857,6537787563,8340365066,"61,74",usd,24/07/2026,servicios,app,pago servicios
TX0000858,5445751751,4953104850,75.47,USD,2026-09-06T22:02:58Z,transporte,sucursal,pago transporte
TX0000859,4396707111,3669448445,USD 18.01,USD,12/08/2026,servicios,app,pago servicios
TX0000860,3006045029,4983620826,32.37,USD,2026-08-24 20:47:36,,sucursal,pago transporte
TX0000103,7855828617,4629506280,"38,89",usd,2026-08-01 01:00:47,transporte,cajero,pago transporte
TX0000861,8978080987,8327192111,49.09,USD,2026-06-30T08:31:39Z,ocio,cajero,pago ocio
TX0000862,1000000024,8865793031,USD 33.24,USD,1785973629,,app,pago servicios
TX0000863,8865793031,6504559771,28.54,USD,1785399560,ocio,app,pago ocio
TX0000864,1000000016,3100533532,  45.17 ,USD,25-Jun-2026 16:45,transporte,web,pago transporte
TX0000865,8327192111,4347607386,"43,38",USD,01/07/2026,transporte,web,pago transporte
TX0000866,4498177346,3100533532,  5.72 ,USD,08-Sep-2026 23:31,compras,sucursal,pago compras
TX0000867,4987049964,3006045029,16.86,usd,1785651040,servicios,web,pago servicios
TX0000868,8978-080987,3100533532,27.15,USD,1788612867,transporte,sucursal,pago transporte
TX0000869,4396707111,5653412139,"28,70",usd,25-Jul-2026 05:54,ocio,,pago ocio
TX0000870,8464126898,1000000024,11.39,USD,1784507136,salud,cajero,pago salud
TX0000871,7426211087,6530351102,7.81,USD,2026/06/30 21:59:18,salud,sucursal,pago salud
TX0000872,1000000024,6530351102,$64.67,usd,2026/09/05 20:09:56,servicios,web,pago servicios
TX0000873,1000000016,7851264619,"62,08",USD,1786973482,supermercado,app,pago supermercado
TX0000874,4347607386,3669448445,"37,23",USD,1789301670000,supermercado,sucursal,pago supermercado
TX0000875,2341263966,3100533532,$16.75,usd,2026-08-13 02:03:49,servicios,cajero,pago servicios
TX0000876,4396707111,8464126898,44.93,usd,25/07/2026,salud,app,pago salud
TX0000877,4366963124,6537787563,45.09,usd,,servicios,web,pago servicios
TX0000878,1000000032,7851264619,$13.16,USD,14-Jul-2026 20:43,,web,pago restaurantes
TX0000879,2284927809,8464126898,$61.84,USD,29/06/2026,ocio,app,pago ocio
TX0000880,7855828617,2268550924,USD 139.51,USD,2026-08-05T15:39:04Z,compras,cajero,pago compras
TX0000881,4629506280,2341263966,  30.40 ,USD,1783771422,salud,sucursal,pago salud
TX0000882,8327192111,3195408319,38.25,USD,1789137701000,transporte,cajero,pago transporte
TX0000883,6823345381,6537787563,  46.66 ,usd,29-Jun-2026 11:29,transporte,app,pago transporte
TX0000884,8340365066,8026322977,"7,45",USD,15/08/2026,educacion,sucursal,pago educacion
TX0000885,4953104850,1000000024,USD 47.89,USD,1784713211,restaurantes,cajero,pago restaurantes
TX0000886,2319945230,4629506280,-7.48,USD,01/07/2026 07:27,compras,web,pago compras
TX0000887,2069779912,3006045029,11.81,USD,2026/07/14 05:01:10,compras,sucursal,pago compras
TX0000888,6504559771,1000000016,USD 51.68,USD,2026-06-25T02:22:49Z,educacion,app,pago educacion
TX0000889,2933498566,8340365066,69.42,usd,1782846738000,transporte,app,pago transporte
TX0000890,7855828617,4396707111,$80.20,USD,2026-07-22T17:57:31Z,salud,app,pago salud
TX0000891,1000000032,4347607386,"26,20",USD,08/08/2026,supermercado,cajero,pago supermercado
TX0000892,4953104850,4987049964,55.90,USD,1784371662000,compras,app,pago compras
TX0000893,8026322977,4366963124,76.97,usd,2026-08-26 22:48:58,educacion,sucursal,pago educacion
TX0000894,6530351102,2341263966,33.45,usd,1787105592,compras,web,pago compras
TX0000895,4987049964,7426211087,0.00,USD,04-Aug-2026 13:02,ocio,app,pago ocio
TX0000896,6823345381,4629506280,15298.62,usd,1787596563000,supermercado,sucursal,pago supermercado
TX0000897,4396707111,3006045029,37.67,USD,1782020759000,salud,sucursal,pago salud
TX0000898,8978080987,3006045029,N/A,USD,2026/06/24 07:25:04,transporte,cajero,pago transporte
TX0000899,8865793031,2319945230,"34,22",usd,11/08/2026,transporte,sucursal,pago transporte
TX0000900,4135002980,8464126898,"9,30",usd,31/07/2026,salud,web,pago salud
TX0000901,8026-322977,3006045029,101.53,USD,2026/08/10 20:47:53,supermercado,sucursal,pago supermercado
TX0000902,4347607386,4135002980,87.51,usd,2026-06-27 07:10:14,salud,sucursal,pago salud
TX0000903,1000000040,8865793031,38.37,usd,2026-08-23 11:53:08,supermercado,app,pago supermercado
TX0000904,8340365066,1000000040,$63.10,usd,1788731037,restaurantes,web,pago restaurantes
TX0000905,4366963124,1000000016,$16.66,USD,1787694453,restaurantes,sucursal,pago restaurantes
TX0000906,2268550924,8978080987,  40.96 ,usd,1785203068,educacion,web,pago educacion
TX0000907,4983620826,3498277064,0.00,USD,1783675983000,salud,sucursal,pago salud
TX0000908,4498177346,8464126898,  11.94 ,usd,2026/07/18 17:17:55,educacion,app,pago educacion
TX0000909,4983620826,7855828617,USD 292.14,USD,2026-08-12 01:39:47,restaurantes,,pago restaurantes
TX0000910,8327192111,8464126898,48.08,USD,2026-07-02T08:35:09Z,,app,pago transporte
TX0000911,8978080987,4311913901,,USD,1788063071000,ocio,web,pago ocio
TX0000912,8327192111,3195408319,  70.74 ,USD,2026-08-06T21:16:32Z,ocio,sucursal,pago ocio
TX0000913,4987049964,7855828617,$21.12,USD,1784762857,ocio,web,pago ocio
TX0000914,3498277064,7851264619,"9707,77",usd,17-Aug-2026 02:09,restaurantes,app,pago restaurantes
TX0000915,7855828617,4983620826,31.31,USD,,salud,cajero,pago salud
TX0000916,2268550924,4498177346,"76,36",USD,01/08/2026,transporte,sucursal,pago transporte
TX0000917,4396707111,5653412139,"22,77",USD,2026-07-12T15:49:30Z,educacion,cajero,pago educacion
TX0001468,3714328816,6504559771,51.46,USD,1781964286,transporte,sucursal,pago transporte
TX0000918,6823345381,4347607386,  25.87 ,USD,1783696888,ocio,web,pago ocio
TX0000919,3498277064,6504559771,"23,27",USD,1785164411000,servicios,sucursal,pago servicios
TX0000920,7426211087,1000000032,$30.85,USD,03/08/2026 12:03,servicios,web,pago servicios
TX0000921,1000000032,3498277064,  27.53 ,USD,02-Sep-2026 10:13,restaurantes,sucursal,pago restaurantes
TX0000922,8340365066,3195408319,75.00,USD,30-Jul-2026 08:01,servicios,app,pago servicios
TX0000923,3195408319,1000000040,21.46,USD,1788158846,compras,app,pago compras
TX0000924,3195408319,8026322977,30.81,USD,14/09/2026 06:52,supermercado,,pago supermercado
TX0000925,1000000040,3006045029,  54.01 ,USD,2026/07/10 19:11:52,ocio,app,pago ocio
TX0000386,2069-779912,2341263966,6.12,USD,2026/08/19 15:37:07,educacion,cajero,pago educacion
TX0000926,1000000040,4953104850,-38.89,USD,2026-08-11T09:15:59Z,educacion,web,pago educacion
TX0000927,8026322977,4311913901,  60.64 ,usd,1784037648000,educacion,web,pago educacion
TX0000928,3669448445,4498177346,26.27,USD,2026/09/07 10:25:36,salud,cajero,pago salud
TX0000929,4987049964,2069779912,USD 32.71,USD,11/08/2026 21:14,restaurantes,sucursal,pago restaurantes
TX0000930,2933498566,4347607386,USD 19.86,USD,1782043422000,supermercado,sucursal,pago supermercado
TX0000931,8978080987,2933498566,USD 17.67,usd,2026-07-25T04:51:35Z,,web,pago educacion
TX0000932,3669448445,4953104850,$28.20,USD,2026-08-14 06:26:21,salud,app,pago salud
TX0000933,4135002980,1000000040,"10,25",usd,2026/07/17 19:01:17,compras,sucursal,pago compras
TX0000934,1000000016,6504559771,"88,85",usd,23/06/2026,salud,app,pago salud
TX0000935,4987049964,8865793031,22.26,usd,20/07/2026 00:15,restaurantes,app,pago restaurantes
TX0001063,2341263966,4498177346,30.17,usd,26/06/2026 20:49,compras,sucursal,pago compras
TX0000936,8865793031,8327192111,15.33,USD,2026-07-04T06:19:25Z,transporte,web,pago transporte
TX0000937,6823345381,2319945230,"54,06",USD,2026-06-18 20:44:17,restaurantes,sucursal,pago restaurantes
TX0000938,3100533532,2933498566,-8.85,USD,2026/08/23 15:26:22,compras,app,pago compras
TX0000939,1000000032,3669448445,  7.25 ,USD,2026/07/21 01:08:43,restaurantes,app,pago restaurantes
TX0000940,4311913901,6823345381,28.68,usd,02/09/2026,transporte,cajero,pago transporte
TX0000941,6530351102,3100533532,"7,59",USD,2026/07/14 07:09:18,educacion,web,pago educacion
TX0000942,3195408319,4629506280,USD 41.14,USD,2026-08-13T20:13:03Z,transporte,cajero,pago transporte
TX0000943,3100533532,4135002980,15.16,USD,28/08/2026 16:41,transporte,web,pago transporte
TX0000944,7855828617,4311913901,,USD,16/08/2026 15:01,servicios,cajero,pago servicios
TX0000945,7851264619,2341263966,49.32,USD,18/08/2026,educacion,,pago educacion
TX0000946,2284927809,4311913901,-24.83,USD,19-Jun-2026 11:48,ocio,web,pago ocio
TX0000947,2319945230,4347607386,N/A,usd,2026/08/04 04:32:59,educacion,,pago educacion
TX0000948,2341263966,4366963124,"32,91",USD,04-Aug-2026 08:03,transporte,app,pago transporte
TX0000949,5653412139,2069779912,$106.03,usd,06-Aug-2026 15:03,transporte,cajero,pago transporte
TX0000950,1000000040,2341263966,"20,90",USD,1782503326,ocio,web,pago ocio
TX0000951,6537787563,4983620826,  50.50 ,usd,22-Jun-2026 23:53,compras,sucursal,pago compras
TX0000952,6530351102,8340365066,"23,43",usd,1787608391,salud,app,pago salud
TX0000953,6504559771,6537787563,  37.97 ,usd,2026/07/23 11:27:44,transporte,sucursal,pago transporte
TX0000954,6530351102,8327192111,20.60,USD,1787249458000,transporte,sucursal,pago transporte
TX0000294,3100533532,3100533532,18.35,USD,03/07/2026 03:42,servicios,sucursal,pago servicios
TX0000955,2319945230,1000000032,$10.42,USD,2026/08/31 17:26:22,salud,cajero,pago salud
TX0000956,1000000016,1000000040,135.46,USD,07/09/2026,salud,cajero,pago salud
TX0000957,6504559771,2319945230,USD 26.02,USD,1785709823,transporte,sucursal,pago transporte
TX0000958,4983620826,2284927809,$55.98,USD,2026-08-30T13:41:11Z,servicios,,pago servicios
TX0000959,8026322977,4135002980,13.10,USD,1787685032000,salud,,pago salud
TX0000960,8464126898,3294383997,USD 64.29,USD,1786065416000,educacion,sucursal,pago educacion
TX0000961,2069779912,4347607386,13.61,usd,1786445263000,transporte,cajero,pago transporte
TX0000962,2341263966,4135002980,  11.96 ,USD,2026-08-10T13:53:42Z,compras,app,pago compras
TX0000963,8340365066,1000000032,34.10,USD,2026-07-25T18:25:49Z,servicios,sucursal,pago servicios
TX0000964,2268550924,3498277064,120.43,USD,1786611045,compras,,pago compras
TX0000965,2069779912,4629506280,11.11,USD,2026-06-27 06:24:45,educacion,sucursal,pago educacion
TX0000966,5653412139,8340365066,69.96,usd,2026-07-03T16:55:27Z,ocio,web,pago ocio
TX0000967,3100533532,1000000032,"12,16",USD,11/09/2026 00:39,servicios,web,pago servicios
TX0000968,4983620826,4987049964,89.97,usd,11-Sep-2026 20:47,salud,cajero,pago salud
TX0000969,1000000040,7785777595,47.94,USD,1786267554000,educacion,cajero,pago educacion
TX0000970,4629506280,5653412139,"36,43",USD,09/09/2026 19:49,transporte,sucursal,pago transporte
TX0000971,3714328816,3100533532,60.74,USD,25/07/2026,servicios,web,pago servicios
TX0000972,6537787563,8340365066,  57.63 ,USD,26/06/2026 14:44,compras,app,pago compras
TX0000973,8865793031,4347607386,12.31,USD,1783093117000,educacion,sucursal,pago educacion
TX0000974,1000000040,4983620826,136.80,usd,09/09/2026,salud,app,pago salud
TX0000975,1000000040,4983620826,28.92,USD,,supermercado,web,pago supermercado
TX0000976,6530351102,3669448445,USD 18.56,USD,1783201115000,transporte,web,pago transporte
TX0000977,4987049964,2284927809,$94.05,USD,2026-07-14T11:42:07Z,servicios,sucursal,pago servicios
TX0000978,1000000024,8327192111,138.93,USD,1783627015000,transporte,sucursal,pago transporte
TX0000979,2069779912,7426211087,,USD,2026-08-12T11:15:52Z,educacion,sucursal,pago educacion
TX0000980,1000000016,3669448445,"8,33",USD,22-Aug-2026 21:27,,web,pago educacion
TX0000981,3714328816,6823345381,"138,64",usd,2026/07/28 16:47:37,transporte,app,pago transporte
TX0000982,6537787563,1000000024,  31.56 ,USD,2026-06-26 10:17:08,salud,sucursal,pago salud
TX0000983,4366963124,2268550924,  31.71 ,USD,2026/07/29 10:55:33,servicios,app,pago servicios
TX0000984,8464126898,1000000024,USD 48.06,usd,2026/09/11 20:49:29,transporte,app,pago transporte
TX0000985,7851264619,4366963124,  26.16 ,USD,04-Aug-2026 16:40,,cajero,pago ocio
TX0000986,3669448445,4366963124,$11.17,usd,1784318914,ocio,web,pago ocio
TX0000987,8340365066,8026322977,USD 111.51,USD,31/08/2026 09:37,educacion,cajero,pago educacion
TX0000988,4629506280,4396707111,"12,74",USD,1788077809,servicios,app,pago servicios
TX0000989,2284927809,2933498566,61.52,USD,2026-06-17 12:40:44,servicios,,pago servicios
TX0000990,2268550924,6537787563,0.00,USD,2026/08/30 04:37:44,ocio,web,pago ocio
TX0000991,5653412139,1000000016,"32,19",USD,1788262443000,compras,sucursal,pago compras
TX0000992,8340365066,3498277064,USD 108.57,usd,2026/08/21 08:50:23,servicios,app,pago servicios
TX0000993,8340365066,4498177346,68.12,USD,2026-09-03 07:29:50,supermercado,,pago supermercado
TX0000994,4135002980,1000000016,10.37,usd,2027-10-20T12:00:00Z,ocio,cajero,pago ocio
TX0000995,4498177346,3195408319,"25,41",USD,2026-08-25T08:47:14Z,educacion,web,pago educacion
TX0000996,3669-448445,4366963124,$12.43,USD,12-Sep-2026 16:29,restaurantes,sucursal,pago restaurantes
TX0000997,,4366963124,USD 7.76,usd,1783065006000,transporte,sucursal,pago transporte
TX0000998,8340365066,6530351102,  164.16 ,USD,1783412308000,supermercado,cajero,pago supermercado
TX0000999,7426211087,3006045029,"12,93",USD,1784577370000,servicios,sucursal,pago servicios
TX0001000,5653412139,2933498566,"113,93",usd,2026-06-24T04:04:57Z,transporte,sucursal,pago transporte
TX0001001,4366963124,6504559771,45.92,usd,06/08/2026,transporte,sucursal,pago transporte
TX0001002,8978080987,6537787563,$19.77,USD,27/08/2026 14:13,servicios,web,pago servicios
TX0001003,8464126898,4629506280,31.92,USD,2026-07-01 16:53:54,,web,pago restaurantes
TX0001004,2069779912,1000000016,9.95,USD,01/09/2026,educacion,sucursal,pago educacion
TX0001005,4629506280,3100533532,"121,60",usd,1783458282,salud,web,pago salud
TX0001006,8978080987,3100533532,,,2026-08-08 04:52:14,ocio,sucursal,pago ocio
TX0001007,1000000016,2268550924,46.08,usd,2026/08/19 22:08:50,,sucursal,pago compras
TX0001008,1000000040,6530351102,,USD,02/07/2026,educacion,web,pago educacion
TX0001009,8327192111,8865793031,  35.65 ,USD,2026-09-05 14:37:43,educacion,cajero,pago educacion
TX0000369,3286710291,6537787563,31.02,usd,2026-08-17T21:14:13Z,transporte,web,pago transporte
TX0001010,6530351102,8340365066,  31.93 ,USD,04/07/2026 02:10,compras,app,pago compras
TX0001011,4366963124,4347607386,  43.24 ,USD,1782672933,restaurantes,web,pago restaurantes
TX0001012,4366963124,8327192111,"13,26",USD,1787816406000,transporte,sucursal,pago transporte
TX0001013,,3006045029,USD 58.84,USD,2026-07-31T18:43:22Z,supermercado,app,pago supermercado
TX0001014,8340365066,7851264619,67.75,USD,26-Jun-2026 16:31,restaurantes,web,pago restaurantes
TX0001015,2319945230,4629506280,"9,89",usd,2026/07/26 01:51:49,restaurantes,web,pago restaurantes
TX0001016,3498277064,3100533532,$66.39,usd,01-Jul-2026 14:55,,app,pago servicios
TX0001017,4498177346,7426211087,$17.32,USD,1784094006,supermercado,sucursal,pago supermercado
TX0001018,2933498566,3669448445,$27.58,USD,1783652635000,salud,web,pago salud
TX0001019,4396707111,4347607386,16.83,USD,01/08/2026,,web,pago ocio
TX0001020,1000000040,3006045029,USD 98.22,USD,2026-08-13 04:40:17,ocio,app,pago ocio
TX0001021,1000000024,2284927809,39.07,usd,2026-08-21 15:18:15,restaurantes,cajero,pago restaurantes
TX0001022,8978080987,4629506280,"102,57",usd,,transporte,cajero,pago transporte
TX0001023,7855828617,8340365066,$54.13,USD,1789053707000,salud,app,pago salud
TX0001024,8978080987,4311913901,"37,85",,,restaurantes,sucursal,pago restaurantes
TX0001025,1000000024,6823345381,$79.73,USD,1784998553,servicios,sucursal,pago servicios
TX0001026,7851264619,8026322977,"27,61",usd,2026-06-22 23:29:16,transporte,app,pago transporte
TX0001027,1000000032,4396707111,$29.05,usd,1787679042000,salud,sucursal,pago salud
TX0001028,1000000040,4396707111,"30,22",USD,2026-09-09T21:18:30Z,ocio,app,pago ocio
TX0001029,2069779912,8340365066,"9,11",USD,2026-07-17T18:44:28Z,supermercado,sucursal,pago supermercado
TX0001030,3498277064,4396707111,90.71,USD,09/09/2026 21:14,,web,pago ocio
TX0001031,3498277064,2069779912,31.32,USD,04/08/2026 09:52,supermercado,web,pago supermercado
TX0000439,3669448445,8978080987,"19,68",USD,24/06/2026 03:49,ocio,cajero,pago ocio
TX0001032,3006045029,4498177346,USD 17.35,USD,2026-08-21 21:58:59,educacion,web,pago educacion
TX0001033,4953104850,4311913901,69.73,USD,26-Jun-2026 15:03,educacion,sucursal,pago educacion
TX0001034,6537787563,2268550924,  21.85 ,USD,2026/09/04 01:03:49,compras,cajero,pago compras
TX0001035,8464126898,4135002980,"26,34",USD,1785510851000,restaurantes,cajero,pago restaurantes
TX0001036,4311913901,3006045029,USD 27.35,USD,14/09/2026,supermercado,web,pago supermercado
TX0001037,3006045029,7851264619,"22,36",USD,2026-08-08T18:44:08Z,servicios,cajero,pago servicios
TX0000261,2268550924,4953104850,  10633.41 ,USD,03/09/2026 19:54,supermercado,cajero,pago supermercado
TX0001038,2268550924,1000000024,$20.44,usd,02-Jul-2026 23:54,compras,cajero,pago compras
TX0001039,3195408319,3006045029,"29,38",USD,02/08/2026,supermercado,web,pago supermercado
TX0001040,1000000016,8865793031,USD 120.38,USD,08/08/2026,educacion,sucursal,pago educacion
TX0001041,7855828617,5653412139,3820.93,usd,1782211107000,educacion,app,pago educacion
TX0001042,3669448445,4629506280,USD 18.31,,12-Sep-2026 21:55,ocio,cajero,pago ocio
TX0001043,4629506280,8327192111,"27,04",USD,31/08/2026 15:20,salud,,pago salud
TX0001044,4366963124,7855828617,$27.11,USD,2026-09-06T23:35:52Z,transporte,web,pago transporte
TX0000401,4987049964,4135002980,$12.34,USD,2026/08/23 23:02:57,supermercado,app,pago supermercado
TX0001045,8865793031,1000000040,  24.67 ,USD,1782016396,ocio,cajero,pago ocio
TX0001046,8026322977,8865793031,USD 44.32,USD,1784207305,educacion,web,pago educacion
TX0001671,8978080987,8865793031,28.91,USD,2026-08-07 13:25:47,restaurantes,cajero,pago restaurantes
TX0000286,4135002980,2933498566,"43,59",USD,09/08/2026 23:16,,app,pago educacion
TX0001047,3714328816,4396707111,"31,00",USD,18/07/2026 13:13,educacion,cajero,pago educacion
TX0001048,8865793031,4498177346,14.09,USD,1789269689000,restaurantes,sucursal,pago restaurantes
TX0001049,2268550924,3498277064,  32.50 ,USD,2026-08-23 10:31:25,compras,sucursal,pago compras
TX0001050,8340365066,6823345381,-58.70,USD,2026-07-29 19:51:45,restaurantes,web,pago restaurantes
TX0001051,2268550924,4953104850,$11.52,USD,2026-08-26T13:38:54Z,compras,app,pago compras
TX0001052,,3714328816,USD 26.03,USD,,supermercado,cajero,pago supermercado
TX0001053,4498177346,8865793031,18.37,USD,06-Sep-2026 10:04,compras,app,pago compras
TX0001054,2069779912,8340365066,"21,60",USD,1782115488000,compras,cajero,pago compras
TX0001055,6537787563,6823345381,"14,42",USD,2026-06-19T03:49:20Z,,sucursal,pago ocio
TX0001150,1000000040,8464126898,$147.27,USD,20/06/2026,supermercado,,pago supermercado
TX0001056,1000000016,3669448445,USD 148.93,usd,2026-06-29 00:45:32,salud,web,pago salud
TX0001057,6530351102,2284927809,$11.42,USD,2026-06-22T23:54:01Z,supermercado,app,pago supermercado
TX0001058,1000000024,2341263966,54.10,usd,2026-06-29 20:37:08,educacion,sucursal,pago educacion
TX0001059,8464126898,4983620826,26.00,USD,24/06/2026,restaurantes,sucursal,pago restaurantes
TX0001060,8464126898,3714328816,42.26,USD,2026-08-12 10:37:56,transporte,,pago transporte
TX0001061,8327192111,2319945230,  89.11 ,USD,1783345533000,transporte,app,pago transporte
TX0001062,6537787563,4987049964,  23.63 ,usd,,ocio,app,pago ocio
TX0001063,2341263966,4498177346,30.17,usd,26/06/2026 20:49,compras,sucursal,pago compras
TX0001064,4311913901,2069779912,87.49,usd,1783259553,supermercado,cajero,pago supermercado
TX0000235,8327192111,4366963124,"33,26",USD,2026-07-24T20:01:40Z,educacion,sucursal,pago educacion
TX0001065,2933498566,1000000040,$48.92,USD,2026-06-22T01:04:31Z,transporte,app,pago transporte
TX0001066,1000000032,7855828617,$34.34,USD,01-Aug-2026 18:22,supermercado,app,pago supermercado
TX0001067,8464126898,4366963124,"21,80",USD,2026/08/16 06:35:10,supermercado,sucursal,pago supermercado
TX0001068,4396707111,3100533532,USD 41.00,USD,2026/08/10 21:14:22,restaurantes,sucursal,pago restaurantes
TX0001069,3669448445,4347607386,$20.89,USD,2026/08/06 11:45:53,restaurantes,sucursal,pago restaurantes
TX0001070,5653412139,6504559771,72.26,usd,1785632360000,transporte,,pago transporte
TX0001071,6537787563,7855828617,72.41,USD,1784145215,ocio,web,pago ocio
TX0001072,1000000040,7426211087,  18.11 ,USD,25/07/2026 07:18,ocio,app,pago ocio
TX0001073,4983620826,4498177346,USD 46.84,PESOS,1784709977,salud,cajero,pago salud
TX0001074,6823345381,4366963124,  112.32 ,USD,2026/07/18 09:22:17,supermercado,web,pago supermercado
TX0000915,7855828617,4983620826,31.31,USD,,salud,cajero,pago salud
TX0001075,2069779912,7851264619,18.41,USD,2026-07-27 06:14:18,educacion,sucursal,pago educacion
TX0001076,2284927809,2319945230,N/A,USD,,ocio,sucursal,pago ocio
TX0001077,4983620826,2284927809,"44,65",usd,2026-06-18 17:51:30,educacion,app,pago educacion
TX0001078,5653412139,6823345381,22.20,USD,2026-08-29T10:45:50Z,ocio,web,pago ocio
TX0001079,6504559771,4347607386,"26,62",USD,2026-07-11T15:40:35Z,transporte,cajero,pago transporte
TX0001080,,7851264619,  102.10 ,usd,2026-07-10 14:48:37,educacion,sucursal,pago educacion
TX0001081,4987049964,1000000040,20.54,USD,1783312408000,ocio,cajero,pago ocio
TX0001082,2069779912,2284927809,USD 23.49,USD,11/07/2026,transporte,web,pago transporte
TX0001083,8978080987,2341263966,66.70,USD,02-Sep-2026 06:09,transporte,cajero,pago transporte
TX0001084,3714328816,2319945230,  36.54 ,USD,1788603755000,transporte,web,pago transporte
TX0001085,4311913901,4366963124,"48,36",PESOS,14-Aug-2026 04:32,supermercado,,pago supermercado
TX0001086,7851264619,3100533532,$37.82,USD,1783615884,compras,web,pago compras
TX0001087,4135002980,4629506280,USD 32.68,USD,2026/07/13 11:32:28,,app,pago restaurantes
TX0001088,3714328816,8978080987,"39,11",usd,22/06/2026,servicios,app,pago servicios
TX0001089,4311913901,4987049964,"25,87",USD,2026-08-14T20:07:26Z,transporte,web,pago transporte
TX0001090,3669448445,2069779912,"40,66",usd,2026-07-10T05:56:27Z,servicios,cajero,pago servicios
TX0001091,8026322977,3714328816,  29.37 ,usd,22/06/2026 13:27,salud,sucursal,pago salud
TX0001092,3195408319,1000000016,"55,40",USD,1787242568000,transporte,web,pago transporte
TX0001093,4629506280,6823345381,"50,11",usd,2026-07-24T00:39:27Z,servicios,cajero,pago servicios
TX0001094,1000-000032,4347607386,37.31,USD,1782311332,salud,cajero,pago salud
TX0001095,2933498566,3100533532,  55.49 ,usd,2026-07-25T14:09:15Z,transporte,app,pago transporte
TX0001096,1000000040,2268550924,20.96,USD,1783653508000,ocio,app,pago ocio
TX0001097,2319945230,7855828617,  14.35 ,USD,02-Jul-2026 19:53,salud,sucursal,pago salud
TX0001098,6530351102,4135002980,"24,19",USD,2026-08-17 03:06:17,compras,web,pago compras
TX0001099,4498177346,2268550924,"10,59",USD,2026-08-17T18:36:58Z,servicios,web,pago servicios
TX0001100,3100533532,3195408319,35.74,USD,1783293003,ocio,web,pago ocio
TX0001101,1000000024,4347607386,$32.20,USD,02-Sep-2026 01:24,compras,cajero,pago compras
TX0001102,4311913901,7851264619,  27.70 ,USD,2026/08/28 06:25:44,transporte,web,pago transporte
TX0001103,1000000040,5653412139,USD 60.12,USD,11-Jul-2026 12:28,ocio,web,pago ocio
TX0001104,7851264619,4135002980,39.23,USD,30/07/2026,compras,,pago compras
TX0001105,7851264619,1000000024,USD 18.74,USD,2026-07-02T17:53:39Z,transporte,sucursal,pago transporte
TX0001106,3195408319,1000000040,$83.52,USD,1786293348,transporte,sucursal,pago transporte
TX0001107,8327192111,2268550924,  34.21 ,USD,2026/09/12 17:25:06,salud,app,pago salud
TX0001108,3498277064,2341263966,187.01,USD,29-Jul-2026 10:29,salud,web,pago salud
TX0001109,6530351102,6504559771,$48.12,usd,29/07/2026,compras,web,pago compras
TX0001110,3195408319,4396707111,24.29,usd,1782005546000,,sucursal,pago supermercado
TX0001111,3714328816,8026322977,USD 52.18,USD,2026-08-27 01:03:36,transporte,web,pago transporte
TX0001112,8340365066,4987049964,"73,95",USD,2026/06/22 02:46:40,servicios,,pago servicios
TX0001113,4983620826,6823345381,  82.99 ,USD,1783376941,servicios,web,pago servicios
TX0001114,1000000032,6537787563,29.31,,2026/08/21 02:02:16,supermercado,cajero,pago supermercado
TX0001115,8464126898,2341263966,22.78,USD,1787010003000,educacion,cajero,pago educacion
TX0001116,3006045029,7426211087,-24.35,USD,06/08/2026 13:15,educacion,sucursal,pago educacion
TX0001117,6504559771,4135002980,"18,00",USD,2026-07-01 17:41:43,restaurantes,cajero,pago restaurantes
TX0001118,8464126898,8978080987,  26.29 ,usd,2026-08-19 16:43:23,educacion,app,pago educacion
TX0001119,5653412139,4953104850,"30,47",USD,1786107011,transporte,app,pago transporte
TX0000738,6537787563,3195408319,37.83,USD,1784275086,transporte,cajero,pago transporte
TX0001120,7426211087,3100533532,  23.33 ,usd,2026-07-06T19:36:58Z,salud,app,pago salud
TX0001121,4983620826,1000000040,USD 33.11,USD,31/08/2026,servicios,web,pago servicios
TX0001122,4983620826,1000000024,USD 44.61,usd,26/07/2026,restaurantes,web,pago restaurantes
TX0001123,3100533532,7851264619,12455.16,usd,20-Aug-2026 04:08,restaurantes,sucursal,pago restaurantes
TX0001124,4396707111,1000000040,USD 18.46,USD,25-Jun-2026 05:38,ocio,web,pago ocio
TX0001125,7426211087,4396707111,13.85,USD,10-Aug-2026 13:16,,web,pago educacion
TX0001126,3714328816,8464126898,  200.83 ,USD,23/08/2026,servicios,,pago servicios
TX0001127,1000-000032,8340365066,$29.29,USD,21/06/2026,supermercado,cajero,pago supermercado
TX0001128,4953104850,8327192111,USD 78.41,USD,13-Jul-2026 22:27,educacion,cajero,pago educacion
TX0001129,3669448445,7851264619,$33.84,USD,02/09/2026,restaurantes,sucursal,pago restaurantes
TX0001130,2284927809,2284927809,USD 18.90,usd,1786150684,servicios,app,pago servicios
TX0001131,2069779912,7426211087,22.53,USD,31-Aug-2026 11:10,compras,sucursal,pago compras
TX0001132,7851264619,2284927809,12.94,USD,2026-09-12 06:02:22,compras,app,pago compras
TX0001242,6823345381,3006045029,35.97,USD,15/08/2026,servicios,app,pago servicios
TX0001133,2933498566,4347607386,USD 38.25,,,compras,app,pago compras
TX0001134,7855-828617,8327192111,247.12,USD,1784303198000,servicios,app,pago servicios
TX0001135,8327192111,2933498566,39.82,USD,21/06/2026 15:21,transporte,app,pago transporte
TX0001136,2341263966,2284927809,34.71,usd,28/07/2026 10:04,transporte,cajero,pago transporte
TX0001137,3669-448445,7426211087,USD 20.07,USD,11/08/2026,salud,sucursal,pago salud
TX0001138,4983620826,4953104850,"43,05",USD,04/09/2026,restaurantes,sucursal,pago restaurantes
TX0001139,4629506280,6537787563,80.17,USD,15/08/2026 15:28,,cajero,pago servicios
TX0001140,3669448445,3006045029,"5,467.88",USD,2026-09-11 18:41:24,ocio,app,pago ocio
TX0001141,6537787563,2284927809,$16.08,USD,31/08/2026 08:51,ocio,app,pago ocio
TX0001142,8327192111,2284927809,22.04,usd,1787335457,servicios,app,pago servicios
TX0001143,3195408319,3100533532,29.40,USD,09/09/2026 03:05,transporte,web,pago transporte
TX0001144,7426211087,4311913901,30.42,USD,1782374327,salud,app,pago salud
TX0001145,6537787563,1000000016,54.71,usd,2026-09-11 03:57:55,ocio,cajero,pago ocio
TX0001146,8978080987,4629506280,$17.10,USD,2026-07-19T19:35:52Z,restaurantes,sucursal,pago restaurantes
TX0001147,3714328816,3006045029,"142,66",USD,2026-06-29T04:54:02Z,transporte,app,pago transporte
TX0001148,4629506280,4311913901,USD 24.82,usd,2026-07-25T01:22:30Z,educacion,web,pago educacion
TX0001149,3006045029,1000000032,$58.52,USD,02/09/2026 11:05,servicios,cajero,pago servicios
TX0001150,1000000040,8464126898,$147.27,USD,20/06/2026,supermercado,,pago supermercado
TX0001151,4983620826,2319945230,144.97,USD,2026-08-19T14:09:43Z,restaurantes,sucursal,pago restaurantes
TX0001152,2069779912,4396707111,10.86,USD,2026-06-23T11:15:12Z,compras,app,pago compras
TX0001153,8464126898,4629506280,19.48,USD,1785000908000,educacion,web,pago educacion
TX0001154,6537787563,2069779912,USD 29.18,USD,09/08/2026 10:15,compras,sucursal,pago compras
TX0001155,4629506280,8978080987,,USD,2026/08/17 14:21:19,servicios,web,pago servicios
TX0001156,6823345381,2268550924,"10,10",usd,21/06/2026 03:45,salud,sucursal,pago salud
TX0001157,8865793031,3714328816,45.15,USD,2026-08-07 02:50:41,salud,cajero,pago salud
TX0001158,3669448445,4498177346,  63.20 ,USD,2026-08-18 03:37:45,salud,cajero,pago salud
TX0001159,8464126898,8978080987,64.84,USD,07/07/2026 16:09,educacion,app,pago educacion
TX0001160,2933498566,4311913901,USD 36.60,USD,2026-06-26T02:05:24Z,supermercado,sucursal,pago supermercado
TX0001161,4953104850,3714328816,44.29,USD,2026-08-21T02:55:17Z,servicios,sucursal,pago servicios
TX0001162,2284927809,5653412139,$43.12,usd,08/09/2026,salud,app,pago salud
TX0001163,4347607386,3195408319,30.57,USD,02/07/2026 02:26,restaurantes,,pago restaurantes
TX0001164,4347607386,3006045029,53.09,USD,2026/07/17 05:51:00,servicios,app,pago servicios
TX0001165,3195408319,8464126898,USD 19.30,usd,1789249111,,sucursal,pago compras
TX0001166,3498277064,3006045029,  52.74 ,USD,11/07/2026 01:46,compras,sucursal,pago compras
TX0001810,4987049964,8865793031,"26,21",USD,2026-07-25T01:12:31Z,ocio,cajero,pago ocio
TX0001167,8978080987,2069779912,85.91,USD,05-Aug-2026 12:05,transporte,sucursal,pago transporte
TX0001168,8026322977,7855828617,"162,52",usd,2026/06/21 08:45:08,salud,cajero,pago salud
TX0001169,1000000032,4396707111,$2409.13,USD,1784436109,salud,cajero,pago salud
TX0001170,4983620826,7855828617,"24,48",USD,2026/08/09 10:03:38,servicios,app,pago servicios
TX0001171,8978080987,2284927809,$22.83,USD,1787745753,transporte,sucursal,pago transporte
TX0001172,4953104850,8464126898,128.86,USD,2026-08-18 17:59:04,educacion,app,pago educacion
TX0001173,6530351102,1000000024,  16.20 ,USD,20-Aug-2026 02:48,transporte,app,pago transporte
TX0001174,3714328816,4953104850,22.65,USD,2026-06-17 17:33:29,servicios,web,pago servicios
TX0001175,4987049964,1000000016,USD 41.81,USD,2026-07-04 02:26:10,restaurantes,app,pago restaurantes
TX0001176,4366963124,2933498566,"40,01",USD,,transporte,sucursal,pago transporte
TX0001177,4311913901,4987049964,"36,70",,2026-06-20T00:31:04Z,ocio,web,pago ocio
TX0001178,4629506280,4311913901,35.10,USD,18-Jul-2026 23:58,,sucursal,pago educacion
TX0001179,2933498566,3195408319,20.69,USD,1785013377,transporte,web,pago transporte
TX0001180,8327192111,4311913901,40.34,USD,04-Jul-2026 14:56,transporte,cajero,pago transporte
TX0001181,3100533532,8026322977,48.27,USD,01-Jul-2026 05:26,restaurantes,app,pago restaurantes
TX0001182,6537787563,3006045029,"53,86",USD,1788330818,servicios,cajero,pago servicios
TX0001183,4629506280,3498277064,  16.93 ,usd,2026/08/02 09:42:12,transporte,cajero,pago transporte
TX0001184,7426211087,8026322977,USD 17.12,usd,2026/07/10 11:52:11,educacion,app,pago educacion
TX0001185,1000000024,4135002980,"26,95",USD,2026-08-07 17:13:20,salud,cajero,pago salud
TX0001507,3714328816,3498277064,USD 43.67,USD,2026-06-17 18:08:14,transporte,app,pago transporte
TX0001186,2284-927809,6504559771,$32.66,USD,12-Jul-2026 20:47,transporte,sucursal,pago transporte
TX0001187,6823345381,3195408319,72.63,USD,1783048273000,ocio,web,pago ocio
TX0001188,1000000024,2268550924,54.04,USD,2026-07-19 07:22:59,educacion,,pago educacion
TX0001189,6530351102,6537787563,$26.72,USD,2026/09/09 04:42:11,transporte,sucursal,pago transporte
TX0001190,4135002980,6504559771,  3.77 ,USD,21/08/2026 06:36,educacion,sucursal,pago educacion
TX0001191,4347607386,2341263966,"14,65",,2026-07-17 10:12:27,restaurantes,cajero,pago restaurantes
TX0001192,8026322977,4135002980,83.77,USD,25/06/2026,educacion,web,pago educacion
TX0001407,2268-550924,1000000016,61.56,usd,24-Jul-2026 05:57,transporte,sucursal,pago transporte
TX0001193,2069779912,4498177346,-6.64,usd,14-Aug-2026 06:44,compras,sucursal,pago compras
TX0001194,7851264619,2341263966,USD 14.05,USD,21/08/2026,transporte,cajero,pago transporte
TX0001195,8464126898,1000000024,"25,93",USD,2026-08-24T18:30:46Z,educacion,app,pago educacion
TX0001911,5653412139,4953104850,$85.92,usd,20/08/2026 09:29,educacion,sucursal,pago educacion
TX0001196,4629506280,8340365066,  46.71 ,USD,2026-06-27T13:10:01Z,salud,cajero,pago salud
TX0001197,8464126898,6504559771,$44.50,USD,2026/06/19 13:32:20,transporte,app,pago transporte
TX0001198,7855828617,6823345381,31.90,usd,2026/07/18 02:33:16,salud,web,pago salud
TX0001199,4396707111,7851264619,  92.08 ,USD,,ocio,sucursal,pago ocio
TX0001200,2069779912,3195408319,32.14,USD,28-Jun-2026 15:06,compras,web,pago compras
TX0001201,3006045029,12345,"39,85",USD,1788232878,educacion,cajero,pago educacion
TX0001202,3669448445,12345,USD 79.90,USD,24/08/2026,restaurantes,app,pago restaurantes
TX0001203,1000000016,3006045029,95.08,USD,09/07/2026,salud,sucursal,pago salud
TX0001204,8865793031,1000000040,USD 10.37,USD,07/09/2026,transporte,app,pago transporte
TX0001205,4396707111,8464126898,USD 23.94,USD,2026-06-24T17:33:00Z,salud,cajero,pago salud
TX0001206,8026322977,8865793031,64.37,USD,05/07/2026,salud,sucursal,pago salud
TX0001207,2069779912,4366963124,11.02,,2026-07-28 02:43:19,educacion,cajero,pago educacion
TX0001208,4396707111,1000000032,  57.03 ,USD,22/08/2026 23:23,ocio,cajero,pago ocio
TX0001209,3006045029,4987049964,USD 19.71,usd,2026-08-10 02:12:41,educacion,web,pago educacion
TX0001210,2933498566,8026322977,  37.64 ,USD,2026-07-03T06:13:26Z,supermercado,cajero,pago supermercado
TX0001211,6823345381,2069779912,$52.71,USD,24-Jun-2026 07:53,supermercado,app,pago supermercado
TX0001212,2284927809,1000000040,57.74,usd,2026/07/30 10:39:24,ocio,web,pago ocio
TX0001213,4311913901,2319945230,-50.73,usd,09-Jul-2026 03:37,supermercado,sucursal,pago supermercado
TX0001214,4983620826,2319945230,"44,78",USD,31-Jul-2026 06:37,,cajero,pago restaurantes
TX0000646,3195408319,8026322977,30.82,USD,27-Jun-2026 05:25,servicios,cajero,pago servicios
TX0001215,6504559771,4498177346,"43,37",usd,27-Aug-2026 23:24,educacion,sucursal,pago educacion
TX0000489,8327192111,4135002980,  25.19 ,usd,1784383183,educacion,web,pago educacion
TX0001216,8340365066,8464126898,$75.59,USD,2026-09-01T12:15:19Z,educacion,sucursal,pago educacion
TX0001402,1000000024,8865793031,18.76,USD,2026-09-03 19:45:36,salud,sucursal,pago salud
TX0001217,1000000040,2341263966,"12,01",,1782982575,transporte,web,pago transporte
TX0001218,,3714328816,$33.30,usd,1783818744,salud,cajero,pago salud
TX0001219,1000000040,8464126898,40.25,,2026/06/28 05:13:03,supermercado,web,pago supermercado
TX0001220,8978080987,4498177346,10.67,USD,2026-06-21T02:04:52Z,ocio,cajero,pago ocio
TX0001221,4498177346,4311913901,9.75,USD,15/07/2026,educacion,web,pago educacion
TX0001222,1000000016,4396707111,8.70,USD,31/07/2026 00:24,educacion,app,pago educacion
TX0001223,4983620826,3714328816,  98.67 ,USD,2026-08-08T03:15:34Z,servicios,sucursal,pago servicios
TX0001224,3669448445,8327192111,"19,00",USD,01/09/2026 22:26,servicios,sucursal,pago servicios
TX0001225,3100533532,6530351102,$30.25,usd,27/07/2026,compras,web,pago compras
TX0001226,2284-927809,3669448445,80.83,USD,19/07/2026,compras,cajero,pago compras
TX0001227,,4135002980,USD 28.73,USD,2026-07-08 21:44:50,transporte,web,pago transporte
TX0001228,7855828617,1000000032,$50.18,USD,2026-08-06 03:32:38,transporte,app,pago transporte
TX0001229,8327192111,4396707111,  32.51 ,USD,28/06/2026,servicios,web,pago servicios
TX0001230,4498177346,4629506280,$9.18,USD,2026-07-28 22:28:27,transporte,cajero,pago transporte
TX0001231,1000000024,1000000032,"17,64",USD,2026-07-24T09:04:04Z,servicios,,pago servicios
TX0001232,8865793031,4347607386,$17.88,USD,2027-10-20T12:00:00Z,transporte,cajero,pago transporte
TX0001233,7855828617,4953104850,"30,40",USD,2026-07-22T00:57:00Z,salud,sucursal,pago salud
TX0001234,3669448445,6537787563,  55.27 ,USD,2026-07-31 01:33:28,compras,web,pago compras
TX0001235,4983620826,2341263966,48.17,usd,28/06/2026,servicios,cajero,pago servicios
TX0001236,7855828617,4983620826,71.60,USD,08-Aug-2026 07:12,servicios,cajero,pago servicios
TX0001237,8865793031,2284927809,"28,34",USD,10-Jul-2026 14:40,transporte,cajero,pago transporte
TX0001238,12345,4629506280,"15,45",usd,2026-07-17 05:40:24,transporte,app,pago transporte
TX0001239,2319945230,4396707111,22.69,,1785299722,servicios,sucursal,pago servicios
TX0001240,8026322977,6504559771,72.72,USD,2026-06-28T17:34:04Z,compras,cajero,pago compras
TX0001241,2268550924,2933498566,"34,01",USD,1782644673,compras,cajero,pago compras
TX0001242,6823345381,3006045029,35.97,USD,15/08/2026,servicios,app,pago servicios
TX0001243,4629506280,7855828617,USD 32.46,usd,23/06/2026,servicios,cajero,pago servicios
TX0001244,3195408319,6537787563,"31,77",USD,1782980994,salud,web,pago salud
TX0001245,1000000040,8340365066,57.24,USD,2026-07-27T05:16:19Z,salud,sucursal,pago salud
TX0001246,6823345381,4987049964,$52.22,USD,2026/07/20 06:29:27,ocio,sucursal,pago ocio
TX0001247,8340365066,5653412139,147.48,USD,09/08/2026 09:54,supermercado,app,pago supermercado
TX0001248,4396707111,2319945230,"29,51",USD,1788332113000,salud,cajero,pago salud
TX0000066,8327192111,3100533532,"36,13",usd,1786663064000,ocio,web,pago ocio
TX0001249,4396707111,6823345381,"18,66",usd,2026/07/28 19:22:15,salud,cajero,pago salud
TX0001250,4396707111,4366963124,"17,01",USD,11/07/2026 00:01,restaurantes,web,pago restaurantes
TX0001251,2268550924,3195408319,35.70,USD,2026-09-03T13:55:34Z,educacion,,pago educacion
TX0001252,8978080987,4987049964,"10,75",USD,2027-10-20T12:00:00Z,restaurantes,sucursal,pago restaurantes
TX0001253,2341263966,7855828617,USD 12.99,USD,12/07/2026,ocio,,pago ocio
TX0001254,8340365066,6823345381,48.38,USD,19-Aug-2026 13:50,educacion,app,pago educacion
TX0001255,6537787563,6823345381,"46,47",USD,19/08/2026,servicios,cajero,pago servicios
TX0001256,7855828617,1000000016,  103.48 ,USD,2026-09-08T23:47:28Z,supermercado,,pago supermercado
TX0001257,4983620826,7426211087,  38.27 ,USD,17/07/2026,restaurantes,sucursal,pago restaurantes
TX0001258,4498177346,1000000032,  8.41 ,usd,2026/09/04 23:53:46,compras,web,pago compras
TX0001259,8978080987,4983620826,27.31,USD,2026-07-17T05:54:39Z,transporte,sucursal,pago transporte
TX0001260,2319945230,4983620826,13.86,USD,,ocio,sucursal,pago ocio
TX0001261,,6530351102,  19.33 ,USD,2026-06-20 18:45:34,ocio,web,pago ocio
TX0001262,1000000016,8464126898,$45.35,USD,09/07/2026,restaurantes,cajero,pago restaurantes
TX0001263,6504559771,1000000024,USD 31.82,USD,2026/08/19 20:21:55,supermercado,web,pago supermercado
TX0001264,8026322977,6530351102,"55,50",usd,1788808084000,educacion,cajero,pago educacion
TX0001265,2341263966,2268550924,22.21,USD,21/08/2026 05:15,compras,web,pago compras
TX0001266,1000000016,4347607386,  113.02 ,USD,02-Aug-2026 06:32,ocio,,pago ocio
TX0001267,6504559771,4135002980,"49,67",usd,1782248260,compras,app,pago compras
TX0001268,2069779912,4629506280,,USD,11/08/2026 06:45,supermercado,web,pago supermercado
TX0001269,4629506280,4498177346,$31.50,,06/09/2026,transporte,app,pago transporte
TX0001270,7426211087,8865793031,  92.50 ,USD,12-Aug-2026 15:43,educacion,app,pago educacion
TX0001271,3714328816,4983620826,  65.97 ,USD,08-Sep-2026 15:52,salud,sucursal,pago salud
TX0001272,4135002980,6537787563,  14.54 ,usd,03/09/2026,educacion,sucursal,pago educacion
TX0000996,3669-448445,4366963124,$12.43,USD,12-Sep-2026 16:29,restaurantes,sucursal,pago restaurantes
TX0001273,4629506280,1000000016,38.96,USD,2026-09-02 19:19:34,servicios,app,pago servicios
TX0001274,8464126898,1000000032,,USD,2026-09-02 20:12:37,restaurantes,cajero,pago restaurantes
TX0001275,2319945230,6167297462,22.61,USD,1787403696000,compras,app,pago compras
TX0001276,6537787563,2268550924,19.06,USD,04/08/2026,servicios,web,pago servicios
TX0001277,1000000040,6504559771,"79,30",USD,2026/07/17 18:31:38,ocio,sucursal,pago ocio
TX0001278,2284927809,4498177346,30.44,usd,29-Aug-2026 01:55,compras,app,pago compras
TX0001279,1000000016,8865793031,"46,66",USD,1787468920000,salud,app,pago salud
TX0001280,7851264619,2933498566,  17.27 ,usd,05-Aug-2026 02:42,ocio,cajero,pago ocio
TX0001281,8978080987,3714328816,$13.03,USD,2026-07-05 22:40:58,ocio,sucursal,pago ocio
TX0001282,4498177346,7851264619,"8,90",USD,05/07/2026 01:27,compras,sucursal,pago compras
TX0001283,4629506280,6530351102,21.59,USD,1787678407000,transporte,app,pago transporte
TX0001284,1000000032,2268550924,"77,94",USD,1784801214000,ocio,sucursal,pago ocio
TX0001285,4987049964,4396707111,"18,19",USD,1784376966,ocio,app,pago ocio
TX0001286,3100533532,4135002980,10.65,usd,28/06/2026,compras,cajero,pago compras
TX0001287,7851264619,8978080987,14.69,USD,1786232786,ocio,sucursal,pago ocio
TX0001288,4311913901,2284927809,37.88,USD,2026/06/29 14:51:37,transporte,cajero,pago transporte
TX0001289,5329286662,4987049964,73.35,USD,28/06/2026 22:25,restaurantes,web,pago restaurantes
TX0001290,1000000032,4629506280,112.46,usd,1787419357000,,cajero,pago salud
TX0001291,3006045029,4498177346,-31.76,USD,04-Sep-2026 05:59,servicios,cajero,pago servicios
TX0001292,6530351102,3714328816,33.17,USD,,compras,web,pago compras
TX0001293,1000000032,3100533532,"18,14",USD,12/08/2026,supermercado,web,pago supermercado
TX0001294,4498177346,2268550924,USD 11.04,usd,29/08/2026,compras,app,pago compras
TX0001295,12345,8464126898,"24,93",usd,1784878753000,supermercado,sucursal,pago supermercado
TX0001296,1000000016,2268550924,  51.77 ,USD,19/07/2026 12:40,salud,web,pago salud
TX0000570,1000000032,4629506280,$36.84,usd,17/08/2026 07:35,restaurantes,sucursal,pago restaurantes
TX0001297,3669448445,1000000032,20.48,usd,2026/09/09 01:21:58,salud,sucursal,pago salud
TX0001298,2341263966,1000000040,39.65,USD,2026-08-17 09:09:47,servicios,app,pago servicios
TX0001299,1000000024,4953104850,  24.62 ,usd,2026-06-20T04:01:16Z,servicios,web,pago servicios
TX0000316,4987049964,4347607386,"25,40",usd,10/09/2026 19:25,supermercado,sucursal,pago supermercado
TX0001300,4983620826,3100533532,"53,59",usd,23/08/2026 09:43,servicios,sucursal,pago servicios
TX0001301,7851264619,7855828617,"46,35",USD,1787074478000,ocio,web,pago ocio
TX0001884,3100533532,1000000024,"24,55",usd,1788195067,servicios,app,pago servicios
TX0001302,8340365066,2341263966,44.96,USD,2026/07/01 14:31:48,supermercado,web,pago supermercado
TX0001303,2319945230,3006045029,"19,13",USD,2026-08-19 23:46:07,compras,app,pago compras
TX0001304,4987049964,4953104850,USD 13.82,USD,1781841225000,transporte,web,pago transporte
TX0001305,4953104850,8026322977,"27,41",USD,2026-09-03 17:10:32,educacion,web,pago educacion
TX0001306,4135002980,4347607386,USD 23.89,,2026/07/11 05:11:36,restaurantes,web,pago restaurantes
TX0001307,4347607386,4311913901,,USD,1785120981,servicios,cajero,pago servicios
TX0001308,6823345381,3498277064,$58.25,USD,2026-06-23 18:56:05,servicios,web,pago servicios
TX0001309,3498277064,1000000032,30.73,USD,1787211307,transporte,app,pago transporte
TX0001310,4366963124,4498177346,  12.63 ,USD,20/06/2026,servicios,app,pago servicios
TX0001311,3714-328816,2268550924,$89.94,USD,1789006566,transporte,app,pago transporte
TX0001312,3195408319,3100533532,44.66,usd,2026/08/30 06:04:08,supermercado,cajero,pago supermercado
TX0001313,6823345381,4366963124,USD 20.16,USD,20-Jun-2026 10:38,salud,sucursal,pago salud
TX0001314,4983620826,1000000040,188.68,usd,24/06/2026 13:27,salud,cajero,pago salud
TX0001315,2319945230,1000000032,19.75,USD,2026/08/13 00:56:37,ocio,web,pago ocio
TX0001316,4347607386,4629506280,$51.34,USD,2026/06/30 12:45:38,servicios,sucursal,pago servicios
TX0001317,4311913901,8865793031,$17.00,USD,26-Jun-2026 20:59,transporte,cajero,pago transporte
TX0001318,8865793031,1000000032,  12.35 ,usd,1786007465000,ocio,sucursal,pago ocio
TX0001319,4953104850,2268550924,"45,54",USD,15/08/2026,servicios,app,pago servicios
TX0001320,4396707111,4135002980,10.84,USD,2026-07-07 15:34:01,salud,cajero,pago salud
TX0001321,1000000040,7855828617,32.58,USD,30/07/2026 21:12,educacion,app,pago educacion
TX0001322,4983620826,4347607386,-100.57,USD,2026/07/06 21:05:43,salud,cajero,pago salud
TX0001323,2069779912,8026322977,8.82,usd,1789395289000,educacion,cajero,pago educacion
TX0001324,6873248421,8865793031,38.12,usd,19/06/2026,ocio,cajero,pago ocio
TX0001325,1000000040,6504559771,"37,50",usd,2026-08-12 13:12:20,educacion,cajero,pago educacion
TX0001326,2284927809,4498177346,$19.36,USD,05/08/2026 23:13,ocio,cajero,pago ocio
TX0001327,8026322977,8026322977,USD 62.20,USD,2026-06-26 23:18:16,salud,sucursal,pago salud
TX0001328,4953104850,4396707111,72.77,usd,2027-10-20T12:00:00Z,servicios,web,pago servicios
TX0001329,1000-000016,7851264619,  53.08 ,,12-Aug-2026 00:57,supermercado,sucursal,pago supermercado
TX0001330,2069779912,3100533532,$2.88,USD,1788405523,,app,pago ocio
TX0001331,6537787563,7426211087,41.54,usd,1788101399000,ocio,app,pago ocio
TX0001332,1000000016,2933498566,"57,24",USD,29/08/2026,educacion,sucursal,pago educacion
TX0001333,1000000040,2341263966,35.99,USD,2027-10-20T12:00:00Z,supermercado,cajero,pago supermercado
TX0001334,2319945230,3669448445,USD 12.39,USD,1787409232,salud,cajero,pago salud
TX0001335,4629506280,4983620826,"46,18",USD,1783845659000,transporte,sucursal,pago transporte
TX0001336,2284927809,4311913901,$65.59,USD,01/09/2026,ocio,sucursal,pago ocio
TX0001337,4629506280,1000000016,46.08,USD,2027-10-20T12:00:00Z,salud,,pago salud
TX0001338,1000-000016,2284927809,$56.98,usd,1782242753000,supermercado,sucursal,pago supermercado
TX0001339,6530351102,1000000040,"19,68",USD,2026-08-30 16:14:38,educacion,web,pago educacion
TX0001340,4953104850,7426211087,"117,71",USD,1785119472,servicios,sucursal,pago servicios
TX0001341,5653412139,8026322977,"38,57",USD,14/09/2026 00:04,ocio,cajero,pago ocio
TX0001342,3100533532,7426211087,$42.41,USD,11/09/2026,servicios,sucursal,pago servicios
TX0001343,2933498566,4983620826,"57,89",XXX,2026-08-18T15:46:38Z,transporte,app,pago transporte
TX0001344,4347607386,5653412139,36.05,USD,1782199654000,ocio,sucursal,pago ocio
TX0001345,6504559771,4498177346,13.08,USD,2026-07-04T10:46:39Z,ocio,web,pago ocio
TX0001346,5653412139,8978080987,"66,84",USD,04/07/2026,transporte,sucursal,pago transporte
TX0001347,4953104850,3714328816,"71,66",usd,1788532255000,educacion,web,pago educacion
TX0001348,4987049964,2933498566,14.18,usd,09-Sep-2026 09:56,restaurantes,sucursal,pago restaurantes
TX0001349,1000000040,8464126898,170.80,usd,15/07/2026,supermercado,app,pago supermercado
TX0001350,8026322977,3669448445,$54.59,usd,2026-08-29T00:53:18Z,ocio,web,pago ocio
TX0001351,2319945230,3195408319,abc,USD,2026-08-12 10:53:43,servicios,cajero,pago servicios
TX0001352,4987049964,4396707111,15.83,USD,1784336642000,restaurantes,sucursal,pago restaurantes
TX0001353,3006045029,2933498566,17.79,,1785787963,servicios,sucursal,pago servicios
TX0001354,4135002980,4347607386,  22.28 ,USD,2026-06-21 05:49:29,salud,app,pago salud
TX0001355,4396707111,3714328816,"19,98",usd,1789451282,salud,web,pago salud
TX0001356,1000000016,4347607386,"74,41",USD,2026-07-17 19:48:39,salud,,pago salud
TX0001357,3100533532,3006045029,"40,10",USD,2026-08-12T20:29:29Z,compras,sucursal,pago compras
TX0001358,2341263966,6537787563,69.93,USD,1785282518000,compras,cajero,pago compras
TX0001359,3100533532,1000000040,USD 17.51,USD,2026-08-03 12:35:24,,web,pago servicios
TX0001360,3498277064,8026322977,40.26,USD,28/06/2026,servicios,cajero,pago servicios
TX0001361,7855828617,6530351102,USD 133.50,USD,18/08/2026 09:07,,app,pago educacion
TX0001362,4311913901,1000000040,17.54,USD,1787531600000,,app,pago transporte
TX0001363,,8026322977,26.65,USD,1786298969000,salud,cajero,pago salud
TX0001364,2284927809,4953104850,  24.26 ,usd,14-Aug-2026 09:17,compras,web,pago compras
TX0001365,6530351102,4987049964,$34.47,USD,17/07/2026,transporte,cajero,pago transporte
TX0001366,2341263966,4311913901,  21.46 ,usd,2026-07-12T06:12:53Z,servicios,cajero,pago servicios
TX0001367,1000000032,2933498566,USD 15.54,USD,2026-06-19T06:59:12Z,ocio,app,pago ocio
TX0001368,4366963124,8865793031,USD 70.65,USD,1788627461000,transporte,web,pago transporte
TX0001369,6537787563,8865793031,76.51,usd,03-Sep-2026 20:48,servicios,web,pago servicios
TX0001370,2319945230,2933498566,-7.97,usd,2026-08-10T17:32:33Z,salud,sucursal,pago salud
TX0001371,4953104850,1000000040,USD 107.31,USD,30/08/2026 20:43,ocio,cajero,pago ocio
TX0001372,7855828617,7855828617,  148.10 ,USD,1786401481000,salud,app,pago salud
TX0001373,2268550924,8327192111,63.65,USD,1781716449,transporte,app,pago transporte
TX0001374,2268550924,4366963124,16.21,USD,31/08/2026,compras,app,pago compras
TX0001375,4347607386,7851264619,"30,88",usd,1782543259000,ocio,web,pago ocio
TX0001376,6823345381,8340365066,"42,06",USD,2026-08-07T02:04:48Z,supermercado,cajero,pago supermercado
TX0001377,1000000016,8026322977,28.06,USD,24/08/2026,salud,sucursal,pago salud
TX0001378,8327192111,1000000016,USD 40.88,usd,2026/07/22 17:08:39,transporte,cajero,pago transporte
TX0001379,1000000024,1000000040,21.40,usd,1786401655000,salud,cajero,pago salud
TX0001380,4311913901,8327192111,USD 28.66,USD,19-Aug-2026 09:00,restaurantes,web,pago restaurantes
TX0001381,2069779912,2268550924,"10,68",USD,2026/07/25 07:47:28,supermercado,web,pago supermercado
TX0001382,2069779912,1000000024,,USD,2026-09-14 03:13:37,supermercado,,pago supermercado
TX0001383,7851264619,3669448445,21.97,USD,1787494613,transporte,sucursal,pago transporte
TX0001384,8464126898,4983620826,"26,39",USD,01-Aug-2026 22:01,transporte,app,pago transporte
TX0001385,8327192111,2069779912,$77.75,usd,2026/08/16 20:28:41,transporte,app,pago transporte
TX0001386,6537787563,8327192111,$67.97,USD,20-Jun-2026 15:05,servicios,sucursal,pago servicios
TX0001387,6823345381,2069779912,52.45,USD,1784528422,servicios,sucursal,pago servicios
TX0001388,4953104850,6537787563,"82,92",,2026-08-13T01:31:09Z,restaurantes,web,pago restaurantes
TX0001389,5653412139,3006045029,125.60,USD,19/08/2026,educacion,app,pago educacion
TX0001390,6823345381,8327192111,117.08,USD,2026/09/05 19:35:32,supermercado,app,pago supermercado
TX0001391,3006045029,4396707111,150.06,USD,02/09/2026 16:50,educacion,cajero,pago educacion
TX0001392,2069779912,4347607386,$7.93,usd,1785017196000,compras,cajero,pago compras
TX0001393,8026322977,4983620826,$73.51,USD,2026-08-13T10:58:00Z,restaurantes,web,pago restaurantes
TX0001394,5653412139,2069779912,$129.01,USD,2026/09/07 16:14:53,restaurantes,cajero,pago restaurantes
TX0001395,12345,8978080987,"114,55",USD,1782063599000,servicios,sucursal,pago servicios
TX0001396,4498177346,3195408319,14.06,usd,1782200335000,,,pago educacion
TX0001397,4983620826,4135002980,$72.70,USD,28-Jun-2026 01:19,servicios,app,pago servicios
TX0001398,,2319945230,  25.99 ,USD,2026-08-13T23:50:41Z,servicios,web,pago servicios
TX0001399,6823345381,2341263966,"58,99",usd,12/07/2026 09:16,educacion,app,pago educacion
TX0001400,2284927809,4396707111,USD 44.00,usd,20/06/2026,salud,cajero,pago salud
TX0001401,8865793031,7855828617,$10.28,usd,30/06/2026,salud,app,pago salud
TX0001402,1000000024,8865793031,18.76,USD,2026-09-03 19:45:36,salud,sucursal,pago salud
TX0001403,6823345381,6530351102,112.34,USD,1784200449,ocio,sucursal,pago ocio
TX0001404,6537787563,3100533532,36.05,USD,09/07/2026 18:34,compras,sucursal,pago compras
TX0001405,3100533532,8026322977,"2,991.11",usd,07-Sep-2026 00:59,servicios,cajero,pago servicios
TX0001406,8340365066,2341263966,  53.97 ,USD,17-Jul-2026 19:51,educacion,web,pago educacion
TX0001407,2268-550924,1000000016,61.56,usd,24-Jul-2026 05:57,transporte,sucursal,pago transporte
TX0001408,8327192111,2341263966,USD 19.28,usd,25/07/2026,servicios,sucursal,pago servicios
TX0001409,7851264619,3498277064,$61.59,usd,2026/08/28 16:29:53,transporte,web,pago transporte
TX0001410,5653412139,7851264619,USD 52.43,USD,06-Aug-2026 12:21,educacion,app,pago educacion
TX0001411,2284927809,4366963124,"86,37",USD,1787349896,compras,app,pago compras
TX0001412,8865793031,2268550924,$16.53,USD,22/06/2026 18:39,compras,app,pago compras
TX0001413,3100533532,4347607386,$32.98,USD,02/09/2026,servicios,app,pago servicios
TX0001414,4987049964,3100533532,  65.24 ,usd,26-Jul-2026 06:51,transporte,sucursal,pago transporte
TX0001415,8026322977,7851264619,58.79,USD,2026/08/13 18:26:52,salud,cajero,pago salud
TX0001416,4396707111,8978080987,$27.18,USD,08-Aug-2026 19:59,salud,cajero,pago salud
TX0001417,4983620826,6537787563,"31,72",USD,2026-07-08T09:17:34Z,restaurantes,cajero,pago restaurantes
TX0001418,8978080987,8978080987,$27.07,usd,2026-07-24T08:12:39Z,ocio,web,pago ocio
TX0001419,7851264619,7855828617,"26,71",USD,1786051073,transporte,app,pago transporte
TX0001420,2268550924,1000000016,  107.28 ,USD,03-Aug-2026 09:15,compras,app,pago compras
TX0001421,2284927809,8327192111,40.26,USD,2026-09-04 05:01:53,compras,cajero,pago compras
TX0001422,3195408319,6530351102,"65,04",USD,2026-07-13T23:07:35Z,,app,pago supermercado
TX0001423,8464126898,2069779912,$48.88,usd,2026/07/22 16:27:38,restaurantes,sucursal,pago restaurantes
TX0001424,4311913901,8978080987,37.78,USD,11-Sep-2026 08:20,restaurantes,web,pago restaurantes
TX0001425,4953104850,4366963124,  53.25 ,USD,2026-09-08 03:41:42,restaurantes,sucursal,pago restaurantes
TX0001426,8978080987,8026322977,"23,94",USD,1782208385,salud,app,pago salud
TX0001427,1000000040,4983620826,$50.00,USD,2026-06-19 13:07:34,ocio,cajero,pago ocio
TX0001428,2284927809,3100533532,USD 39.01,USD,19-Jul-2026 01:50,ocio,cajero,pago ocio
TX0001429,6504559771,6530351102,  48.97 ,usd,2026-08-29T15:26:17Z,educacion,sucursal,pago educacion
TX0001430,7851264619,4396707111,"55,40",USD,2026-06-23 11:51:28,restaurantes,app,pago restaurantes
TX0001431,3100533532,1000000016,"10,05",USD,26/08/2026 08:05,restaurantes,web,pago restaurantes
TX0001432,4987049964,2069779912,  36.66 ,USD,02/08/2026 22:55,ocio,cajero,pago ocio
TX0001433,0262167680,8340365066,50.70,USD,25/08/2026,educacion,app,pago educacion
TX0001434,3669448445,8340365066,"54,22",USD,2026-06-22 11:56:10,ocio,app,pago ocio
TX0001435,8978080987,3100533532,20.77,usd,11/09/2026 14:44,restaurantes,web,pago restaurantes
TX0001436,6530351102,8464126898,  14.99 ,usd,2026-06-23T09:01:49Z,,sucursal,pago transporte
TX0001437,3498277064,4953104850,"9446,85",usd,2026-08-27 06:22:09,,,pago ocio
TX0001438,6504559771,3714328816,25.06,USD,14/08/2026,servicios,web,pago servicios
TX0001439,3195408319,2069779912,36.71,USD,1784892765000,salud,web,pago salud
TX0000506,8327192111,3195408319,-19.15,usd,1782505771,educacion,cajero,pago educacion
TX0001440,8327-192111,2284927809,33.39,USD,2026-09-12 05:57:08,educacion,sucursal,pago educacion
TX0001441,1000000040,2268550924,$11.91,USD,26/08/2026 21:12,educacion,app,pago educacion
TX0001442,1000000040,5653412139,-16.55,USD,1784423110000,restaurantes,cajero,pago restaurantes
TX0001443,3498277064,7851264619,USD 46.57,USD,29-Jun-2026 15:23,salud,web,pago salud
TX0001444,7855828617,8026322977,55.83,USD,1786948512000,compras,app,pago compras
TX0001445,4311913901,2069779912,33.89,USD,2026-07-30 22:41:31,supermercado,app,pago supermercado
TX0001446,2341263966,3195408319,"46,49",USD,2026-08-15T07:36:17Z,,cajero,pago compras
TX0001447,0767387778,2933498566,49.05,usd,26/06/2026 21:02,transporte,app,pago transporte
TX0001448,8865793031,4629506280,USD 17.82,USD,2026/08/07 20:49:22,ocio,web,pago ocio
TX0001449,2268550924,8464126898,"23,18",USD,2026-08-08 08:06:46,transporte,sucursal,pago transporte
TX0001450,6823345381,2268550924,$83.71,USD,2026-06-30T19:44:12Z,ocio,sucursal,pago ocio
TX0001451,4498177346,2319945230,"8,56",USD,23-Aug-2026 04:08,educacion,sucursal,pago educacion
TX0001452,1000000016,4983620826,  60.73 ,USD,2026-07-23T10:04:32Z,salud,cajero,pago salud
TX0001453,3669448445,4311913901,19.66,USD,15-Jul-2026 14:17,salud,cajero,pago salud
TX0001454,4987049964,7855828617,  6.92 ,USD,03/09/2026 20:37,restaurantes,web,pago restaurantes
TX0001455,3100533532,6823345381,  11.57 ,usd,29/08/2026,restaurantes,web,pago restaurantes
TX0001456,2284927809,2069779912,52.72,USD,13/08/2026 01:11,servicios,cajero,pago servicios
TX0001457,3100533532,4987049964,17.25,usd,2026-07-26 17:58:50,servicios,web,pago servicios
TX0001458,5653412139,2319945230,35.99,USD,06/07/2026,ocio,web,pago ocio
TX0001459,2069779912,8464126898,USD 14.31,USD,04/09/2026 10:56,educacion,sucursal,pago educacion
TX0001460,3714328816,1000000016,$30.66,USD,2026-06-21 02:03:00,salud,web,pago salud
TX0001461,4987049964,3714328816,53.31,USD,05/09/2026 11:22,restaurantes,web,pago restaurantes
TX0001462,3006045029,2268550924,  47.59 ,USD,1785983162,educacion,web,pago educacion
TX0001463,7855828617,2319945230,57.49,,1785560211000,restaurantes,web,pago restaurantes
TX0001464,4629506280,4498177346,"73,89",USD,1786452144,transporte,cajero,pago transporte
TX0001465,8464126898,8327192111,"12,20",USD,2026-07-09 03:52:49,educacion,sucursal,pago educacion
TX0001466,4498177346,2341263966,"10,89",USD,1781977964,compras,sucursal,pago compras
TX0001467,12345,4498177346,  75.88 ,USD,2026-08-08 15:49:48,salud,cajero,pago salud
TX0001468,3714328816,6504559771,51.46,USD,1781964286,transporte,sucursal,pago transporte
TX0001469,2284927809,1000000040,"31,84",USD,2026-09-13 02:34:53,compras,cajero,pago compras
TX0001470,2268550924,1000000032,67.57,usd,1787397379,transporte,sucursal,pago transporte
TX0001471,3714328816,8340365066,"71,00",usd,04/07/2026 20:58,servicios,sucursal,pago servicios
TX0001472,3714328816,2341263966,  87.42 ,USD,1785252976000,restaurantes,web,pago restaurantes
TX0001473,4953104850,6504559771,  59.01 ,usd,1785822735,restaurantes,sucursal,pago restaurantes
TX0001474,1000000016,3714328816,92.40,USD,21-Jul-2026 10:46,educacion,sucursal,pago educacion
TX0001475,6504559771,6823345381,19.03,USD,04-Jul-2026 11:40,supermercado,cajero,pago supermercado
TX0001476,6537787563,2319945230,-19.69,usd,31/07/2026,,,pago ocio
TX0001477,4396707111,8327192111,117.07,USD,28/07/2026 22:37,salud,sucursal,pago salud
TX0001478,3006045029,7855828617,USD 12.55,USD,1782502299,educacion,cajero,pago educacion
TX0001479,6823345381,3100533532,39.88,USD,1784386430,supermercado,sucursal,pago supermercado
TX0001480,8340365066,3100533532,"65,26",USD,2026-07-03 16:58:46,educacion,app,pago educacion
TX0001481,3669448445,2268550924,31.85,USD,07/09/2026,restaurantes,web,pago restaurantes
TX0001482,6823345381,8464126898,USD 111.10,,1786957776000,ocio,sucursal,pago ocio
TX0000740,2069779912,8026322977,11.07,USD,,educacion,app,pago educacion
TX0001483,3498277064,2284927809,34.82,USD,2026/08/03 05:32:13,ocio,web,pago ocio
TX0001484,7851264619,4366963124,,USD,2026-07-25T05:29:49Z,compras,cajero,pago compras
TX0001485,3006045029,1000000024,64.41,USD,2026/09/05 08:39:36,transporte,web,pago transporte
TX0001486,3195408319,1000000024,$45.46,USD,03/08/2026,salud,sucursal,pago salud
TX0001487,6504559771,2933498566,66.70,XXX,2026-07-15T23:33:45Z,transporte,app,pago transporte
TX0001488,8026322977,7426211087,217.00,USD,2026-09-10 03:29:44,educacion,cajero,pago educacion
TX0001489,4953104850,4983620826,"50,64",usd,1787875229000,educacion,sucursal,pago educacion
TX0001490,4987049964,8978080987,16.32,usd,1788585299000,compras,app,pago compras
TX0001491,6537787563,8026322977,"56,20",USD,2026/07/06 00:22:20,salud,cajero,pago salud
TX0001492,8978080987,3100533532,23.69,usd,,restaurantes,cajero,pago restaurantes
TX0001493,4366-963124,4135002980,  30.94 ,USD,,restaurantes,app,pago restaurantes
TX0001494,12345,3714328816,  47.28 ,USD,2026-08-04 17:59:30,educacion,web,pago educacion
TX0001495,4366963124,2319945230,83.18,USD,05-Sep-2026 08:43,supermercado,cajero,pago supermercado
TX0001496,2268550924,1000000016,23.69,USD,1783952386,supermercado,web,pago supermercado
TX0001497,8978080987,4396707111,$27.58,usd,2026-06-22T16:39:45Z,educacion,web,pago educacion
TX0001498,1000000024,4366963124,$27.69,USD,2026-06-25 17:19:26,educacion,app,pago educacion
TX0001499,8340365066,7426211087,$49.68,usd,19-Aug-2026 12:03,,app,pago educacion
TX0001500,7855828617,1000000016,36.07,USD,1789054730000,restaurantes,cajero,pago restaurantes
TX0001501,4629506280,6537787563,  22.81 ,USD,2026-08-21 17:43:08,transporte,,pago transporte
TX0001502,3006045029,2268550924,$24.93,USD,20/07/2026 22:23,transporte,sucursal,pago transporte
TX0001503,1000000040,4135002980,  30.81 ,USD,10/09/2026 21:17,salud,cajero,pago salud
TX0001504,2933498566,6504559771,"20,71",USD,19-Jun-2026 19:13,compras,sucursal,pago compras
TX0001505,12345,2341263966,$35.38,,1785127073,supermercado,app,pago supermercado
TX0001506,8026322977,1000000032,USD 28.56,usd,18/07/2026,compras,sucursal,pago compras
TX0001507,3714328816,3498277064,USD 43.67,USD,2026-06-17 18:08:14,transporte,app,pago transporte
TX0001508,1000000016,4135002980,120.36,USD,1781856133000,educacion,app,pago educacion
TX0001509,4366963124,4311913901,$9.79,USD,2026-07-25T22:16:42Z,restaurantes,cajero,pago restaurantes
TX0001510,4366963124,4629506280,-20.48,USD,2026-07-06T21:39:52Z,restaurantes,cajero,pago restaurantes
TX0001511,6530351102,4366963124,19.53,USD,20-Jun-2026 08:43,transporte,sucursal,pago transporte
TX0001512,2341263966,6530351102,$33.71,USD,02-Aug-2026 15:23,compras,sucursal,pago compras
TX0001513,3669448445,8327192111,"49,16",USD,2026/09/03 03:13:40,restaurantes,web,pago restaurantes
TX0001514,2341263966,2268550924,USD 14.70,USD,23/08/2026,compras,web,pago compras
TX0001515,4135002980,2284927809,$15.86,,2026-08-15 23:37:24,salud,cajero,pago salud
TX0001516,7851264619,8865793031,51.04,USD,1789420292,ocio,sucursal,pago ocio
TX0001517,3498277064,1000000016,  13.22 ,USD,2026-08-13T12:02:04Z,salud,sucursal,pago salud
TX0001518,8327192111,3195408319,USD 25.30,USD,01/08/2026,servicios,cajero,pago servicios
TX0001519,8978080987,1000000016,  138.67 ,USD,27-Aug-2026 15:02,,sucursal,pago restaurantes
TX0001520,2319945230,8340365066,"14,37",USD,14/07/2026,compras,web,pago compras
TX0001521,4135002980,2319945230,"23,04",USD,2026-07-13T06:36:07Z,compras,,pago compras
TX0001522,4987049964,4629506280,N/A,USD,2026/07/02 01:32:46,supermercado,app,pago supermercado
TX0000166,1000000032,8464126898,"17,13",usd,2026-08-27T20:09:35Z,supermercado,app,pago supermercado
TX0001523,3006045029,2933498566,USD 45.45,USD,2026-09-13 08:08:48,ocio,web,pago ocio
TX0001672,2284927809,1000000024,$10.57,USD,13-Aug-2026 09:05,supermercado,sucursal,pago supermercado
TX0001524,8865793031,4953104850,17.18,USD,2026/09/06 02:25:26,servicios,cajero,pago servicios
TX0001525,,2933498566,$37.55,USD,1783964199,,cajero,pago salud
TX0001526,7855828617,3669448445,"33,00",USD,2026/06/28 13:47:27,restaurantes,cajero,pago restaurantes
TX0001527,8464126898,2268550924,  32.95 ,usd,2026-08-18 17:05:31,educacion,cajero,pago educacion
TX0001528,7851264619,2268550924,27.17,USD,2026-09-04T13:43:03Z,educacion,web,pago educacion
TX0001529,1000000040,7851264619,  48.82 ,usd,25/08/2026,ocio,web,pago ocio
TX0001530,3195408319,8865793031,$27.95,usd,30/06/2026 06:41,salud,app,pago salud
TX0001531,8026322977,3100533532,38.28,usd,1784652673000,educacion,app,pago educacion
TX0001532,3195408319,6537787563,"4.754,34",usd,1782522200,supermercado,app,pago supermercado
TX0001533,2284927809,7851264619,30.04,usd,,educacion,cajero,pago educacion
TX0001534,1000000024,7851264619,  55.73 ,USD,2026-06-24T23:54:21Z,educacion,,pago educacion
TX0001535,1000000040,8327192111,33.13,USD,1784407715,educacion,sucursal,pago educacion
TX0001536,4311913901,8026322977,N/A,USD,26/06/2026 23:01,supermercado,web,pago supermercado
TX0001537,7851264619,3100533532,$53.82,,2026-07-09T22:08:42Z,compras,sucursal,pago compras
TX0001538,8026322977,4366963124,35.68,USD,1781871055,transporte,cajero,pago transporte
TX0001539,5653412139,8978080987,75.57,USD,2026/07/20 23:00:06,transporte,sucursal,pago transporte
TX0001540,8865793031,3100533532,USD 25.73,PESOS,1785274827,transporte,app,pago transporte
TX0001541,1000000024,8464126898,30.00,USD,1783783256000,salud,sucursal,pago salud
TX0001542,7851264619,3100533532,-43.13,USD,2026-07-31 19:54:26,ocio,cajero,pago ocio
TX0001543,4396707111,4366963124,"38,94",USD,25/07/2026 16:30,compras,sucursal,pago compras
TX0001544,,2319945230,"48,93",USD,11/08/2026 02:18,salud,web,pago salud
TX0001545,6823345381,4983620826,"42,66",USD,2026-07-10T10:21:26Z,,cajero,pago salud
TX0001546,2284927809,2069779912,"30,12",USD,10/08/2026 15:23,restaurantes,sucursal,pago restaurantes
TX0001547,2268550924,4347607386,USD 46.49,USD,1786288198000,compras,,pago compras
TX0001548,4396-707111,6530351102,"42,04",USD,1783702802000,educacion,sucursal,pago educacion
TX0001549,4629506280,3669448445,  35.42 ,USD,1788996447,servicios,app,pago servicios
TX0001550,2069779912,8026322977,  6.46 ,USD,,supermercado,web,pago supermercado
TX0001551,3714328816,3669448445,60.75,,2026-09-12T11:38:36Z,servicios,sucursal,pago servicios
TX0001552,8327192111,4629506280,USD 51.64,USD,29/07/2026,,app,pago restaurantes
TX0001553,3100533532,4953104850,19.67,USD,2026-07-19 04:39:31,servicios,app,pago servicios
TX0001554,4629506280,4987049964,93.40,USD,1784347882,transporte,web,pago transporte
TX0001555,3669448445,3100533532,18.85,USD,13/07/2026,transporte,sucursal,pago transporte
TX0001556,1000000032,6823345381,"15,05",USD,2026-08-19T02:06:16Z,salud,sucursal,pago salud
TX0001557,2319945230,4135002980,"13,11",USD,06/07/2026,compras,web,pago compras
TX0001558,8978080987,7851264619,$27.94,,1786253287000,ocio,,pago ocio
TX0001559,4953104850,3006045029,"36,28",USD,2026/07/15 19:42:43,educacion,sucursal,pago educacion
TX0001560,1000000024,4311913901,24.91,USD,1782742468,educacion,app,pago educacion
TX0001561,8327192111,3498277064,37.35,USD,1782009699,transporte,cajero,pago transporte
TX0001562,2284927809,3669448445,$55.14,USD,1785527004,compras,cajero,pago compras
TX0001563,4347607386,4366963124,  51.52 ,USD,1788531176,servicios,app,pago servicios
TX0001564,2284927809,2319945230,"36,92",USD,2026-07-02 09:36:11,compras,sucursal,pago compras
TX0001565,2268550924,4396707111,  35.47 ,usd,2026/08/06 14:26:34,educacion,sucursal,pago educacion
TX0001566,4396707111,2284927809,USD 67.13,USD,2026-08-29T22:23:57Z,ocio,web,pago ocio
TX0001567,5653412139,4953104850,-124.88,,24/06/2026 08:07,educacion,web,pago educacion
TX0001568,7851264619,8327192111,,USD,2026-06-22T22:26:54Z,,cajero,pago compras
TX0001569,4987049964,4366963124,8.78,USD,22-Aug-2026 10:31,compras,sucursal,pago compras
TX0001570,4311913901,3195408319,23.31,USD,2026-08-15 02:40:43,restaurantes,web,pago restaurantes
TX0001571,3195408319,3669448445,$27.68,usd,23/06/2026,supermercado,sucursal,pago supermercado
TX0001572,8978080987,4953104850,  23.82 ,USD,24-Jul-2026 23:47,transporte,cajero,pago transporte
TX0001573,6823345381,1000000024,$50.55,USD,2026-08-24 13:59:26,servicios,cajero,pago servicios
TX0001574,4629506280,4347607386,60.45,usd,2026-07-26 03:19:52,transporte,sucursal,pago transporte
TX0001575,4983620826,7855828617,$13.60,USD,2026-07-14 22:35:33,restaurantes,app,pago restaurantes
TX0000949,5653412139,2069779912,$106.03,usd,06-Aug-2026 15:03,transporte,cajero,pago transporte
TX0001576,6537787563,2268550924,26.76,USD,21/07/2026,compras,app,pago compras
TX0001577,6823345381,3498277064,71.61,USD,2026-09-08T14:39:43Z,servicios,web,pago servicios
TX0001578,4396707111,7855828617,"15,37",USD,1787377056,transporte,web,pago transporte
TX0001579,8026322977,4987049964,75.56,USD,2026/07/29 14:23:26,supermercado,app,pago supermercado
TX0001580,2933498566,4366963124,$47.74,USD,1781700143000,compras,sucursal,pago compras
TX0001581,8978080987,3669448445,$18.35,usd,11-Jul-2026 17:04,transporte,sucursal,pago transporte
TX0001582,4987049964,7855828617,$22.56,usd,,ocio,cajero,pago ocio
TX0001583,2268550924,1000000016,"64,22",USD,30/08/2026,compras,app,pago compras
TX0001584,4366963124,1000000016,$27.65,USD,2026/09/07 12:24:20,restaurantes,app,pago restaurantes
TX0001585,1000000016,4987049964,"93,65",USD,1782163360000,salud,web,pago salud
TX0001586,3195408319,4366963124,"64,96",usd,1787025208000,supermercado,app,pago supermercado
TX0001587,3100533532,7851264619,"11,69",usd,1788153223,compras,sucursal,pago compras
TX0001588,6504559771,2341263966,$57.28,usd,2026-06-19T08:36:58Z,transporte,web,pago transporte
TX0001589,3669448445,4311913901,  27.66 ,USD,08/08/2026,salud,app,pago salud
TX0001590,8327192111,4311913901,52.50,USD,2026/07/05 02:47:38,educacion,sucursal,pago educacion
TX0001591,2319945230,4498177346,  15.99 ,usd,2026/07/20 04:50:53,compras,app,pago compras
TX0001592,4347607386,4953104850,"49,56",USD,2026/07/06 22:00:55,servicios,cajero,pago servicios
TX0001593,1000000040,1000000040,"59,62",usd,2026-09-03T11:16:37Z,educacion,web,pago educacion
TX0001594,6823345381,8464126898,60.45,USD,1787665918,supermercado,sucursal,pago supermercado
TX0001595,2069779912,8978080987,$45.60,USD,08/08/2026,compras,app,pago compras
TX0001596,4135002980,4347607386,17.33,usd,1788366673,ocio,web,pago ocio
TX0001597,9963661448,4498177346,USD 42.72,USD,2026-07-17T09:38:45Z,educacion,app,pago educacion
TX0001598,7426211087,6504559771,  17.12 ,usd,1786785200,ocio,app,pago ocio
TX0001599,8327192111,6530351102,"19,36",usd,25-Aug-2026 17:07,educacion,cajero,pago educacion
TX0001600,4987049964,3100533532,0.00,USD,26-Jun-2026 23:07,transporte,cajero,pago transporte
TX0001601,4987049964,3006045029,6.70,usd,2026/07/02 02:00:29,compras,app,pago compras
TX0001602,1000000024,6504559771,  46.30 ,USD,15-Jul-2026 05:36,servicios,web,pago servicios
TX0001603,3498277064,8340365066,"39,39",USD,2026-09-14T00:49:56Z,ocio,app,pago ocio
TX0001604,8026322977,4396707111,"69,70",usd,29/06/2026,ocio,,pago ocio
TX0001605,1000000016,4983620826,  227.73 ,USD,2026-08-22T23:31:09Z,salud,app,pago salud
TX0001606,4498177346,4135002980,  5.23 ,USD,1782702037000,supermercado,,pago supermercado
TX0001126,3714328816,8464126898,  200.83 ,USD,23/08/2026,servicios,,pago servicios
TX0001607,1000000024,8978080987,1941.13,USD,17/07/2026 16:33,ocio,cajero,pago ocio
TX0000370,2341263966,4498177346,41.68,USD,2026/08/14 23:34:03,compras,web,pago compras
TX0001608,3100533532,8865793031,USD 6.31,usd,2026/08/08 04:51:35,ocio,sucursal,pago ocio
TX0001609,1000000016,3195408319,77.49,USD,28/08/2026 23:07,transporte,app,pago transporte
TX0001610,4629506280,8340365066,  25.76 ,USD,2026-08-19T05:45:10Z,transporte,sucursal,pago transporte
TX0001611,2341263966,8327192111,77.70,usd,2026-07-13T21:02:06Z,servicios,cajero,pago servicios
TX0001612,4983620826,2319945230,$59.14,usd,2026/07/17 04:55:56,,sucursal,pago transporte
TX0001613,4366963124,8464126898,USD 10.17,USD,2026-07-01 23:12:42,transporte,sucursal,pago transporte
TX0001614,6530351102,1000000024,60.40,usd,2026-08-21 05:16:09,salud,app,pago salud
TX0001615,1000000016,4983620826,52.49,USD,2026-08-02T15:41:49Z,salud,sucursal,pago salud
TX0001616,4366963124,3006045029,USD 12.60,usd,1781710920000,salud,web,pago salud
TX0001617,1000000040,4366963124,$12.41,USD,09/08/2026,transporte,app,pago transporte
TX0001618,3006045029,3195408319,84.70,usd,19/06/2026 01:39,,,pago transporte
TX0001619,7851264619,3714328816,$31.49,USD,1781763307000,transporte,web,pago transporte
TX0001620,6530351102,4498177346,5.48,USD,22-Jul-2026 21:45,salud,cajero,pago salud
TX0001621,1000000016,2319945230,44.12,USD,1782345122,compras,sucursal,pago compras
TX0001622,4498177346,1000000016,"22,31",USD,1783744598000,educacion,sucursal,pago educacion
TX0000767,4983620826,7855828617,"72,13",usd,18/06/2026,salud,app,pago salud
TX0001623,4629506280,2319945230,43.07,USD,22-Jun-2026 13:34,transporte,web,pago transporte
TX0001624,3195408319,3100533532,"86,42",USD,2026-08-21 23:31:26,restaurantes,web,pago restaurantes
TX0001625,5653412139,2341263966,102.49,USD,1788131640,ocio,cajero,pago ocio
TX0001626,0941987676,2341263966,33.29,USD,2026-08-06T07:10:59Z,ocio,cajero,pago ocio
TX0001627,5653412139,3498277064,USD 136.26,USD,2026-08-09 13:07:14,restaurantes,cajero,pago restaurantes
TX0001628,4396707111,5653412139,34.47,usd,16/08/2026,salud,sucursal,pago salud
TX0001629,8340365066,2319945230,USD 113.90,USD,2026-09-06T00:56:03Z,educacion,cajero,pago educacion
TX0001630,8865793031,6504559771,27.15,usd,2026-09-11 04:47:16,ocio,cajero,pago ocio
TX0001631,1000000032,4983620826,40.54,usd,05/07/2026 22:16,educacion,app,pago educacion
TX0001632,4629506280,8464126898,"37,80",usd,2026-07-10T17:50:36Z,servicios,app,pago servicios
TX0001633,4953104850,4983620826,"111,16",USD,1788307748,servicios,app,pago servicios
TX0001634,3714328816,4311913901,  92.50 ,,2026-07-15 01:29:32,salud,app,pago salud
TX0001635,3100533532,2069779912,"15,49",USD,06/07/2026 15:24,educacion,cajero,pago educacion
TX0001636,8340365066,1000000032,"40,09",USD,15/07/2026,educacion,web,pago educacion
TX0001637,7855828617,8327192111,197.42,USD,1782320215,servicios,app,pago servicios
TX0001638,4311913901,4366963124,40.22,usd,1789424874000,compras,sucursal,pago compras
TX0001639,3669448445,2933498566,$45.78,usd,2026-07-27 02:49:00,ocio,sucursal,pago ocio
TX0001640,6504559771,4983620826,54.44,usd,2026-09-09T05:02:12Z,supermercado,cajero,pago supermercado
TX0001641,2268550924,3100533532,  27.61 ,USD,2026-08-22 19:37:54,transporte,web,pago transporte
TX0001642,8327192111,8865793031,28.56,USD,13/08/2026 23:11,educacion,sucursal,pago educacion
TX0001643,2319945230,2933498566,USD 13.72,USD,21/06/2026,compras,cajero,pago compras
TX0000012,7851264619,5653412139,$50.93,USD,1787299344000,ocio,web,pago ocio
TX0001644,8464126898,2268550924,"18,12",USD,2026/07/28 00:49:10,educacion,cajero,pago educacion
TX0001645,6530351102,1000000032,14.13,usd,18-Jul-2026 14:50,transporte,web,pago transporte
TX0001646,12345,5653412139,USD 44.60,USD,2026-08-17T15:44:05Z,ocio,cajero,pago ocio
TX0001647,4366963124,4498177346,"31,86",USD,1782915645,transporte,cajero,pago transporte
TX0001648,7851264619,4983620826,$43.79,USD,2026-07-03 14:52:03,,app,pago ocio
TX0001649,3006045029,8464126898,"16,51",USD,2026-08-29T21:59:07Z,,web,pago educacion
TX0001650,8340365066,8464126898,"21,17",usd,2027-10-20T12:00:00Z,educacion,sucursal,pago educacion
TX0001651,4135002980,6530351102,12.06,USD,1787899156,restaurantes,sucursal,pago restaurantes
TX0001652,3100533532,4498177346,12.69,USD,30/08/2026 03:46,servicios,web,pago servicios
TX0001653,3006045029,1000000032,18.17,USD,2026/08/30 17:14:07,transporte,cajero,pago transporte
TX0001654,4366963124,2319945230,$53.75,USD,1782658205000,restaurantes,,pago restaurantes
TX0001655,6823345381,4629506280,  61.32 ,USD,1789425975,servicios,app,pago servicios
TX0001656,2284927809,1000000032,  48.53 ,USD,01/09/2026 18:10,ocio,cajero,pago ocio
TX0001232,8865793031,4347607386,$17.88,USD,2027-10-20T12:00:00Z,transporte,cajero,pago transporte
TX0001657,8865793031,3498277064,13.56,USD,2026-07-28T05:40:18Z,ocio,cajero,pago ocio
TX0001658,8978080987,8865793031,$20.61,usd,2026-07-12 15:41:15,ocio,cajero,pago ocio
TX0001659,8865793031,7855828617,  18.21 ,usd,2026-08-19T03:31:57Z,ocio,sucursal,pago ocio
TX0001660,4629506280,4347607386,"42,08",USD,2026-08-08 06:12:21,ocio,,pago ocio
TX0001661,5653412139,3100533532,USD 58.33,USD,2026-07-08T06:43:36Z,ocio,cajero,pago ocio
TX0001662,8978080987,1000000016,"54,27",USD,2026/09/04 01:15:15,compras,web,pago compras
TX0001663,3195408319,6504559771,"43,18",USD,2026/08/26 02:46:37,transporte,,pago transporte
TX0001664,4396707111,1000000016,"44,95",USD,2026/08/16 13:32:37,salud,app,pago salud
TX0001665,6530351102,8865793031,14.73,USD,1782667609000,transporte,app,pago transporte
TX0001666,7855828617,4498177346,31.65,usd,14/07/2026,supermercado,sucursal,pago supermercado
TX0001667,7851264619,4987049964,N/A,USD,2026-08-02T06:34:09Z,,sucursal,pago transporte
TX0001668,7851264619,8026322977,  27.50 ,XXX,07-Sep-2026 07:07,transporte,app,pago transporte
TX0001669,5653412139,3100533532,  128.52 ,USD,1781939074,ocio,app,pago ocio
TX0001670,1000000024,1000000040,33.71,usd,25/08/2026 02:45,salud,cajero,pago salud
TX0001671,8978080987,8865793031,28.91,USD,2026-08-07 13:25:47,restaurantes,cajero,pago restaurantes
TX0001672,2284927809,1000000024,$10.57,USD,13-Aug-2026 09:05,supermercado,sucursal,pago supermercado
TX0001673,2284927809,8978080987,"1,944.05",USD,1786827178000,ocio,cajero,pago ocio
TX0001674,6530351102,2319945230,"7,61",USD,1785371022,educacion,sucursal,pago educacion
TX0001675,3498277064,6823345381,19.73,USD,1782833103,ocio,app,pago ocio
TX0001676,5653412139,2933498566,114.29,USD,22/06/2026 03:51,compras,web,pago compras
TX0001677,1000000040,2069779912,"12,06",,1784416526,supermercado,web,pago supermercado
TX0001678,3195408319,7426211087,USD 43.26,USD,2026-06-27 14:50:58,supermercado,app,pago supermercado
TX0001679,1000000032,4498177346,$44.74,USD,1785052758,salud,sucursal,pago salud
TX0001680,7855828617,1000000024,USD 37.77,USD,2026-07-29 02:47:35,salud,cajero,pago salud
TX0001681,2933498566,2933498566,"34,88",USD,19-Jun-2026 07:27,transporte,app,pago transporte
TX0001682,4498177346,7855828617,USD 10.66,USD,15/07/2026,salud,sucursal,pago salud
TX0001683,2319945230,2069779912,USD 29.08,USD,22-Aug-2026 18:55,servicios,app,pago servicios
TX0001684,1000000040,8865793031,$20.72,USD,1782846004,servicios,web,pago servicios
TX0001685,1000000016,4396707111,USD 50.69,USD,28/06/2026 08:28,salud,web,pago salud
TX0000686,3195408319,8865793031,"47,15",USD,26/08/2026,transporte,sucursal,pago transporte
TX0001686,2284927809,8464126898,60.17,USD,2026/08/29 20:00:44,ocio,sucursal,pago ocio
TX0001687,3669448445,3498277064,"21,13",USD,1784942295000,supermercado,app,pago supermercado
TX0001688,3100533532,3006045029,"42,15",usd,1789411454,servicios,app,pago servicios
TX0001689,7426211087,7851264619,USD 4.09,usd,2026-08-25 17:52:19,educacion,web,pago educacion
TX0001690,4135002980,6537787563,USD 18.08,USD,2026-06-21 20:42:15,salud,web,pago salud
TX0001405,3100533532,8026322977,"2,991.11",usd,07-Sep-2026 00:59,servicios,cajero,pago servicios
TX0001691,2069779912,4983620826,6.31,USD,10-Aug-2026 07:26,supermercado,web,pago supermercado
TX0001692,8464126898,4498177346,42.11,usd,2026-08-13 22:28:40,transporte,app,pago transporte
TX0001693,3006045029,3498277064,12.82,USD,2026-07-05T20:57:55Z,educacion,app,pago educacion
TX0001694,6823345381,1000000016,$57.39,USD,2026-07-23T22:04:34Z,servicios,app,pago servicios
TX0001695,4347607386,4498177346,26.61,usd,1787846316000,transporte,,pago transporte
TX0001696,2933498566,8464126898,74.85,PESOS,1788051864000,compras,web,pago compras
TX0001697,4347607386,4987049964,53.14,,2026-08-23T10:37:20Z,transporte,app,pago transporte
TX0001698,7855828617,3100533532,41.45,USD,1784177385000,restaurantes,app,pago restaurantes
TX0001699,5653412139,4347607386,57.47,usd,2026-06-22T05:49:19Z,educacion,app,pago educacion
TX0001700,1000000040,1000000016,24.26,USD,16/07/2026,educacion,web,pago educacion
TX0001701,1000000032,2319945230,71.03,usd,11/08/2026,restaurantes,web,pago restaurantes
TX0001702,4983620826,8865793031,"46,90",USD,2026-07-16 15:52:45,salud,cajero,pago salud
TX0001703,3714328816,4498177346,109.19,USD,1784907425000,servicios,app,pago servicios
TX0001704,7855828617,2319945230,74.32,USD,2026-08-19T21:59:58Z,salud,app,pago salud
TX0001705,2341263966,2069779912,"85,57",USD,11-Jul-2026 10:14,supermercado,cajero,pago supermercado
TX0001706,1000000040,2933498566,  23.64 ,usd,2026-09-04 19:38:26,educacion,app,pago educacion
TX0001707,5653412139,4347607386,USD 22.89,USD,21-Jul-2026 00:11,ocio,sucursal,pago ocio
TX0001708,2341263966,4311913901,93.83,USD,23-Jun-2026 19:55,transporte,app,pago transporte
TX0001709,4953104850,1000000040,"147,36",usd,2026-06-18 14:59:33,salud,cajero,pago salud
TX0001710,6823345381,3498277064,56.58,usd,31/08/2026 06:01,supermercado,sucursal,pago supermercado
TX0001711,2284927809,8340365066,$67.51,USD,2026-09-09T03:44:28Z,compras,app,pago compras
TX0001712,6823345381,8327192111,  32.76 ,usd,16/07/2026 19:25,servicios,cajero,pago servicios
TX0001713,8978080987,2069779912,"13,30",usd,17-Jul-2026 11:43,ocio,app,pago ocio
TX0001714,8340365066,2341263966,"25,63",USD,28/06/2026,educacion,app,pago educacion
TX0001715,4983620826,7426211087,  21.72 ,USD,19/06/2026,transporte,app,pago transporte
TX0001716,8026322977,3669448445,  31.57 ,USD,2026-07-14T16:29:40Z,compras,app,pago compras
TX0001717,4347607386,8340365066,"50,55",USD,1789036049,servicios,sucursal,pago servicios
TX0001718,4366963124,6530351102,35.32,USD,1784099961,restaurantes,sucursal,pago restaurantes
TX0001719,6504559771,1000000040,27.83,usd,13/09/2026,salud,app,pago salud
TX0001720,3498277064,7426211087,"41,58",usd,25-Jul-2026 15:50,transporte,web,pago transporte
TX0001721,4135002980,1000000032,7.86,USD,1782522574000,educacion,sucursal,pago educacion
TX0001722,1000000016,6504559771,45.19,USD,2026/06/18 21:36:48,supermercado,cajero,pago supermercado
TX0001723,8978080987,4396707111,  13.39 ,USD,2026-07-09 15:58:32,ocio,sucursal,pago ocio
TX0001724,3195408319,1000000032,"29,97",USD,31/07/2026,compras,sucursal,pago compras
TX0001725,2268550924,8865793031,58.29,USD,20/07/2026,supermercado,cajero,pago supermercado
TX0001726,2319945230,4953104850,"13,27",USD,2026/07/05 02:20:50,servicios,web,pago servicios
TX0001727,4396707111,6504559771,33.74,USD,2026/08/17 18:30:13,educacion,web,pago educacion
TX0001728,2319945230,7426211087,28.83,USD,1788748643,educacion,cajero,pago educacion
TX0001729,4983620826,8865793031,"26,86",USD,1784891063000,salud,cajero,pago salud
TX0001730,7851264619,1000000016,$19.94,usd,06/07/2026,transporte,sucursal,pago transporte
TX0001731,4396707111,4987049964,39.00,USD,1783945394000,supermercado,app,pago supermercado
TX0001732,8978080987,2069779912,USD 20.81,USD,27/06/2026,transporte,web,pago transporte
TX0001733,8978080987,8865793031,30.96,USD,2026/07/04 08:40:00,ocio,app,pago ocio
TX0001734,6823345381,3100533532,$26.19,USD,12-Aug-2026 11:23,supermercado,app,pago supermercado
TX0001735,3714328816,4135002980,USD 97.31,usd,2026-07-21T02:01:43Z,transporte,cajero,pago transporte
TX0001736,5653412139,4953104850,"226,05",USD,1786708579,educacion,web,pago educacion
TX0001737,3669448445,8026322977,-33.33,USD,05/07/2026,educacion,sucursal,pago educacion
TX0001738,4396707111,6504559771,"23,02",USD,08/07/2026 12:46,salud,web,pago salud
TX0001739,2933498566,2268550924,"135,21",USD,06/07/2026,supermercado,web,pago supermercado
TX0001740,8865793031,4135002980,33.38,USD,2026/07/16 07:08:43,salud,web,pago salud
TX0001741,2341263966,8464126898,"17,06",usd,2026-08-16 19:28:04,supermercado,sucursal,pago supermercado
TX0001742,7855828617,8340365066,"35,51",PESOS,2026-08-01 01:16:04,educacion,sucursal,pago educacion
TX0001743,8865793031,7855828617,51.78,usd,1782290732000,transporte,web,pago transporte
TX0001744,6537787563,8026322977,45.30,USD,27-Jun-2026 14:42,compras,web,pago compras
TX0001745,8026322977,8327192111,41.62,USD,2026-07-15 21:44:16,salud,cajero,pago salud
TX0001746,4311913901,7851264619,"19,53",USD,1783607614000,restaurantes,sucursal,pago restaurantes
TX0001747,8865793031,6823345381,"19,64",USD,15-Jul-2026 10:51,educacion,web,pago educacion
TX0001748,2069779912,7426211087,"8,22",USD,2026-08-26 10:46:15,supermercado,cajero,pago supermercado
TX0001749,2341263966,1000000032,  11.73 ,XXX,30/07/2026,transporte,cajero,pago transporte
TX0001750,8464126898,2268550924,"7.649,91",USD,29-Jun-2026 03:48,,app,pago restaurantes
TX0001751,6504559771,2341263966,"15,79",USD,08-Jul-2026 12:33,,web,pago compras
TX0001752,6537787563,3714328816,$22.43,USD,11/09/2026,educacion,app,pago educacion
TX0001753,3006045029,4953104850,$58.42,USD,27/08/2026,compras,app,pago compras
TX0001754,8340365066,8865793031,44.71,USD,2026-07-26T21:55:08Z,servicios,app,pago servicios
TX0001755,8464126898,6504559771,  36.49 ,USD,1787024287,educacion,,pago educacion
TX0001756,1000000032,4311913901,  14.82 ,USD,1783038659,restaurantes,web,pago restaurantes
TX0001757,3006045029,6537787563,48.31,USD,08-Aug-2026 07:24,,cajero,pago educacion
TX0001758,6504559771,2319945230,$193.50,USD,13/09/2026 22:33,transporte,app,pago transporte
TX0001759,2268550924,1000000040,"91,90",usd,29-Aug-2026 13:27,educacion,cajero,pago educacion
TX0001760,7851264619,6504559771,USD 19.74,USD,2026-08-18 13:20:14,servicios,web,pago servicios
TX0001761,4983620826,5653412139,$25.34,usd,1786416124,salud,web,pago salud
TX0001762,8327192111,4987049964,abc,usd,1786408769000,salud,sucursal,pago salud
TX0001763,1000000032,6537787563,USD 54.66,USD,14/09/2026 15:19,salud,cajero,pago salud
TX0001764,3100533532,3669448445,5.42,usd,1782101281,ocio,web,pago ocio
TX0001765,3714328816,4498177346,58.90,usd,21-Jul-2026 21:41,salud,web,pago salud
TX0001766,5653412139,12345,USD 30.94,USD,18/07/2026,educacion,sucursal,pago educacion
TX0001767,2284927809,4987049964,"85,77",USD,2026-07-05 21:23:33,servicios,app,pago servicios
TX0001768,2284927809,4347607386,"50,39",usd,1785631554000,compras,app,pago compras
TX0001769,3714328816,2341263966,"43,17",USD,01/07/2026 21:55,restaurantes,sucursal,pago restaurantes
TX0001770,2069779912,3100533532,2.72,USD,2026/07/13 09:41:55,compras,cajero,pago compras
TX0001771,4987049964,2319945230,  11.49 ,USD,2026-07-31 07:32:35,restaurantes,app,pago restaurantes
TX0001772,6504559771,1000000016,USD 16.47,USD,02/07/2026,transporte,sucursal,pago transporte
TX0001773,6530351102,7426211087,-21.49,usd,2026/07/22 17:57:09,transporte,cajero,pago transporte
TX0001774,1000000032,4629506280,$23.19,USD,2026-08-19T17:24:31Z,restaurantes,web,pago restaurantes
TX0001775,1000000040,2268550924,  92.70 ,usd,10-Jul-2026 09:47,supermercado,cajero,pago supermercado
TX0001776,7426211087,2933498566,6.17,USD,11/09/2026,salud,cajero,pago salud
TX0001777,2319945230,3669448445,-13.86,USD,2026/08/01 00:41:16,compras,sucursal,pago compras
TX0001778,2284927809,4987049964,"126,52",USD,1788130995,compras,cajero,pago compras
TX0001779,8327192111,7426211087,42.11,usd,2026-07-30 07:52:04,transporte,cajero,pago transporte
TX0001780,4366963124,4396707111,$68.10,usd,2027-10-20T12:00:00Z,transporte,app,pago transporte
TX0001781,4366963124,2284927809,"40,10",USD,2026-07-02T15:36:03Z,servicios,cajero,pago servicios
TX0001782,4629506280,1000000016,$32.64,USD,2026/08/16 07:40:43,salud,sucursal,pago salud
TX0001783,1000000024,2268550924,17.63,USD,24/08/2026,educacion,app,pago educacion
TX0001784,3714328816,3669448445,46.86,usd,28/07/2026 10:38,,cajero,pago salud
TX0001785,7851264619,4135002980,15.06,USD,1786984211000,ocio,sucursal,pago ocio
TX0001786,4983620826,6823345381,67.22,USD,02-Aug-2026 12:01,restaurantes,app,pago restaurantes
TX0001787,1000000032,8340365066,  18.73 ,USD,23-Aug-2026 17:17,transporte,app,pago transporte
TX0001788,8327192111,8026322977,"30,95",USD,10/08/2026,transporte,sucursal,pago transporte
TX0001789,6823345381,8026322977,"68,29",USD,19/08/2026 08:23,ocio,web,pago ocio
TX0001790,4135002980,4135002980,  5.87 ,USD,2026-07-27 14:56:24,ocio,app,pago ocio
TX0001791,8464126898,1000000024,13.23,usd,2026-07-18T04:06:51Z,restaurantes,web,pago restaurantes
TX0001792,2341263966,4629506280,110.57,USD,14/07/2026,transporte,sucursal,pago transporte
TX0001793,3100533532,7426211087,USD 8.77,usd,2026/07/24 12:56:28,servicios,cajero,pago servicios
TX0001794,2268550924,1000000024,"89,82",usd,30/06/2026,servicios,cajero,pago servicios
TX0001795,2268550924,8327192111,130.06,USD,1788878168,compras,sucursal,pago compras
TX0001796,6530351102,4987049964,  10.86 ,USD,1782481664000,transporte,sucursal,pago transporte
TX0000255,4987049964,1000000024,USD 17.10,USD,2026-06-25 10:52:40,supermercado,sucursal,pago supermercado
TX0001797,6504559771,8327192111,$41.21,USD,09-Sep-2026 04:13,transporte,,pago transporte
TX0001798,4953104850,3100533532,70.72,USD,1782492312,restaurantes,web,pago restaurantes
TX0001799,7851264619,12345,USD 46.83,USD,22/07/2026 04:48,servicios,cajero,pago servicios
TX0001800,3498277064,3195408319,  24.97 ,USD,14-Aug-2026 02:56,servicios,app,pago servicios
TX0001801,7855828617,4396707111,42.74,USD,17/07/2026,restaurantes,app,pago restaurantes
TX0001802,4347607386,6504559771,  68.30 ,usd,08/08/2026 06:57,restaurantes,sucursal,pago restaurantes
TX0001803,3669448445,4498177346,"73,48",usd,06-Jul-2026 03:11,salud,sucursal,pago salud
TX0001530,3195408319,8865793031,$27.95,usd,30/06/2026 06:41,salud,app,pago salud
TX0001804,3100533532,6823345381,"39,26",USD,1783319426000,educacion,cajero,pago educacion
TX0001805,5653412139,3006045029,60.45,USD,2026/08/25 09:49:48,educacion,cajero,pago educacion
TX0001806,1000000016,6530351102,  34.38 ,usd,2026-07-15 14:02:25,,app,pago supermercado
TX0001807,8865793031,4629506280,USD 15.67,USD,1788935007000,ocio,cajero,pago ocio
TX0001808,8340365066,1000000016,USD 49.16,USD,1789354996,servicios,cajero,pago servicios
TX0001809,3195408319,1000000040,  93.98 ,USD,2026/06/24 10:48:51,supermercado,app,pago supermercado
TX0001810,4987049964,8865793031,"26,21",USD,2026-07-25T01:12:31Z,ocio,cajero,pago ocio
TX0001811,,3669448445,"60,53",USD,2026/08/12 19:30:12,servicios,web,pago servicios
TX0001812,4311913901,3714328816,$74.54,USD,,restaurantes,web,pago restaurantes
TX0001813,2268550924,7855828617,  31.87 ,USD,2026-06-25 17:01:33,servicios,web,pago servicios
TX0001814,4347607386,4498177346,127.68,USD,01-Aug-2026 20:41,ocio,web,pago ocio
TX0001815,2319945230,7855828617,29.02,USD,02/07/2026 19:11,ocio,sucursal,pago ocio
TX0001816,8464126898,1000000032,34.22,USD,1784091049,educacion,cajero,pago educacion
TX0001817,4629506280,2268550924,$78.54,usd,14/09/2026,transporte,web,pago transporte
TX0001818,6504559771,3195408319,"35,66",USD,2026-08-20T04:39:13Z,educacion,app,pago educacion
TX0001819,4987049964,2933498566,$14.08,USD,1786395925,restaurantes,web,pago restaurantes
TX0001820,8026322977,4983620826,USD 85.56,usd,10-Sep-2026 16:53,salud,cajero,pago salud
TX0001821,4987049964,2933498566,4432.17,USD,25/08/2026 05:58,ocio,sucursal,pago ocio
TX0001822,1000000016,4953104850,"50,90",USD,25/06/2026 12:32,educacion,sucursal,pago educacion
TX0001823,2933498566,3195408319,$135.11,USD,04/09/2026 01:21,compras,sucursal,pago compras
TX0001824,4953104850,4135002980,"48,70",USD,02/07/2026,educacion,sucursal,pago educacion
TX0001093,4629506280,6823345381,"50,11",usd,2026-07-24T00:39:27Z,servicios,cajero,pago servicios
TX0001825,4498177346,4366963124,"6,32",USD,2026-08-16 17:18:30,compras,sucursal,pago compras
TX0001826,8865793031,8340365066,USD 20.38,USD,1783562787,transporte,sucursal,pago transporte
TX0001827,3195408319,1000000024,  65.88 ,usd,1783347116,,cajero,pago salud
TX0001828,6537787563,2341263966,57.35,USD,08/07/2026,compras,cajero,pago compras
TX0001829,4135002980,8978080987,"17,57",usd,1785266210000,educacion,sucursal,pago educacion
TX0001830,3006045029,7851264619,14.52,USD,08-Jul-2026 12:08,transporte,app,pago transporte
TX0001831,4347607386,4396707111,"35,46",USD,28/06/2026,servicios,app,pago servicios
TX0001832,7851264619,1000000040,49.42,USD,2026/07/10 08:42:14,transporte,web,pago transporte
TX0001833,7855828617,8464126898,$53.47,USD,19-Aug-2026 00:49,salud,web,pago salud
TX0001834,7426211087,4983620826,  26.97 ,USD,11/07/2026,ocio,sucursal,pago ocio
TX0001835,4135002980,3498277064,"24,19",USD,24/06/2026 10:03,compras,app,pago compras
TX0001836,8340365066,4396707111,USD 91.90,USD,1787171417,educacion,cajero,pago educacion
TX0001837,4987049964,12345,-18.15,USD,2026-08-01 07:52:52,ocio,web,pago ocio
TX0001838,3100533532,4366963124,22.75,usd,2026/07/04 00:23:17,restaurantes,sucursal,pago restaurantes
TX0001148,4629506280,4311913901,USD 24.82,usd,2026-07-25T01:22:30Z,educacion,web,pago educacion
TX0001839,3100533532,1000000016,USD 998.77,usd,2026-06-24T02:26:14Z,servicios,web,pago servicios
TX0001840,8340365066,4629506280,109.05,USD,21/08/2026 04:13,servicios,sucursal,pago servicios
TX0001841,7851264619,3100533532,$20.10,USD,2026-09-15T06:18:45Z,transporte,sucursal,pago transporte
TX0001842,8340365066,7855828617,USD 81.26,USD,1782603860,educacion,web,pago educacion
TX0001843,4311913901,6530351102,14.92,USD,1788357333,transporte,cajero,pago transporte
TX0001844,7851264619,3100533532,  28.79 ,usd,1783257619000,ocio,web,pago ocio
TX0001845,2319945230,1000000032,  10.55 ,usd,23/07/2026,ocio,sucursal,pago ocio
TX0001846,2933498566,4311913901,"215,12",USD,2026-07-13T08:52:35Z,transporte,sucursal,pago transporte
TX0001847,5653412139,3498277064,178.51,USD,2026-08-15 21:37:25,ocio,cajero,pago ocio
TX0001848,1000000040,4987049964,43.61,USD,01/09/2026 11:08,ocio,sucursal,pago ocio
TX0001849,4311913901,6823345381,40.97,USD,2026-07-25 02:28:53,educacion,,pago educacion
TX0001850,4311913901,3195408319,$47.97,USD,22/07/2026 02:34,salud,cajero,pago salud
TX0001851,6504559771,4135002980,"37,18",,1784576340000,transporte,app,pago transporte
TX0001852,4987049964,4953104850,25.01,USD,2026/06/26 10:23:21,restaurantes,cajero,pago restaurantes
TX0001853,4987049964,8464126898,47.93,USD,27/08/2026 20:46,ocio,sucursal,pago ocio
TX0001854,7851264619,8464126898,"100,90",USD,1789042059000,compras,,pago compras
TX0001855,2268550924,4396707111,USD 40.53,USD,09-Aug-2026 18:30,restaurantes,app,pago restaurantes
TX0001856,1474973261,4987049964,26.17,USD,19-Jul-2026 15:52,ocio,web,pago ocio
TX0001857,6537787563,2268550924,"34,13",USD,,restaurantes,sucursal,pago restaurantes
TX0001858,3714328816,1000000032,"28,51",USD,2026-07-23 07:02:31,salud,cajero,pago salud
TX0001859,2319945230,12345,7.99,USD,2026/07/15 16:16:14,transporte,sucursal,pago transporte
TX0001860,6530351102,8978080987,"16,83",USD,17/07/2026 00:37,transporte,web,pago transporte
TX0001861,8026322977,3498277064,0.00,USD,25/07/2026,supermercado,web,pago supermercado
TX0001862,5653412139,7855828617,12.52,usd,1782017087,ocio,app,pago ocio
TX0001863,8327192111,4347607386,  25.43 ,USD,1782215309000,servicios,web,pago servicios
TX0001864,,4498177346,36.38,usd,10/08/2026,restaurantes,cajero,pago restaurantes
TX0001865,3100533532,1000000024,18.11,usd,2026/08/04 00:29:28,restaurantes,app,pago restaurantes
TX0001866,2268550924,4498177346,"35,63",USD,19/08/2026,transporte,sucursal,pago transporte
TX0001867,2069779912,4629506280,"36,33",USD,08-Aug-2026 21:29,,app,pago servicios
TX0001868,4629506280,6823345381,"59,63",USD,2026/08/04 20:40:15,salud,web,pago salud
TX0001869,8464126898,2618276874,USD 39.59,USD,17/07/2026 14:56,,sucursal,pago compras
TX0001870,1000000032,1000000040,72.63,USD,2026/08/28 12:13:32,restaurantes,web,pago restaurantes
TX0001871,3669448445,2319945230,22.73,USD,1788616836,restaurantes,web,pago restaurantes
TX0001872,2933498566,2319945230,"33,11",USD,27-Jun-2026 05:42,transporte,sucursal,pago transporte
TX0001873,7426211087,3100533532,USD 9.12,usd,2026-08-18T16:20:26Z,salud,sucursal,pago salud
TX0001874,1000000032,8340365066,$27.28,USD,01-Sep-2026 17:03,servicios,app,pago servicios
TX0001875,4629506280,4953104850,22.94,USD,13-Aug-2026 15:53,transporte,app,pago transporte
TX0001876,3100533532,8978080987,34.70,USD,11/07/2026,,sucursal,pago restaurantes
TX0001877,7851264619,3498277064,$24.73,USD,1783803690,ocio,app,pago ocio
TX0001878,5653412139,3006045029,$49.90,USD,2026-08-29T16:07:21Z,ocio,app,pago ocio
TX0001879,4983620826,4311913901,"47,69",USD,25/07/2026,salud,app,pago salud
TX0001880,3006045029,7855828617,22.47,USD,2026-07-13T03:03:57Z,servicios,web,pago servicios
TX0001881,2341263966,4983620826,USD 23.19,USD,1786574359,transporte,web,pago transporte
TX0001882,2268550924,4347607386,$51.23,USD,1788809279000,transporte,cajero,pago transporte
TX0001883,3006045029,8464126898,"15,21",USD,2026-09-03 00:14:58,transporte,sucursal,pago transporte
TX0001884,3100533532,1000000024,"24,55",usd,1788195067,servicios,app,pago servicios
TX0001885,4498177346,8865793031,15.56,USD,,,web,pago educacion
TX0001886,1000000024,1000000016,USD 21.14,USD,1781817081000,salud,cajero,pago salud
TX0001887,3195408319,8026322977,68.04,USD,2026-08-16 01:53:40,supermercado,cajero,pago supermercado
TX0001888,4629506280,8340365066,"127,95",USD,1785182705000,transporte,web,pago transporte
TX0001889,3195408319,3498277064,,,,transporte,web,pago transporte
TX0001890,8978080987,4347607386,USD 34.39,USD,22-Jun-2026 11:03,ocio,cajero,pago ocio
TX0001891,3195408319,6530351102,42.29,USD,1783294142000,supermercado,app,pago supermercado
TX0001892,8978080987,1000000032,29.17,usd,2026-07-10T09:44:24Z,ocio,sucursal,pago ocio
TX0001893,7855828617,3498277064,"61,27",USD,1784883679,compras,app,pago compras
TX0001894,4629506280,6530351102,96.07,USD,09/07/2026 02:41,salud,app,pago salud
TX0001895,8327192111,6823345381,37.85,usd,1784426905000,restaurantes,,pago restaurantes
TX0001896,4987049964,8026322977,"21,32",,1783800839000,ocio,,pago ocio
TX0001897,6504559771,3669448445,  16.35 ,USD,15-Sep-2026 03:58,transporte,app,pago transporte
TX0001898,8978080987,3195408319,10.09,USD,2026-08-06T20:11:31Z,transporte,cajero,pago transporte
TX0001899,3498277064,7855828617,"33,05",USD,07-Jul-2026 12:15,salud,web,pago salud
TX0001900,4311913901,1000000040,"83,32",USD,2026-08-13 10:23:30,,cajero,pago transporte
TX0001901,2319945230,1000000040,20.60,usd,1787562626000,ocio,sucursal,pago ocio
TX0001902,3714328816,8340365066,"49,58",usd,14/07/2026,salud,app,pago salud
TX0001903,2319945230,4347607386,13.84,USD,1786984935,compras,web,pago compras
TX0001904,7855828617,1000000032,USD 75.10,USD,1783725072,salud,cajero,pago salud
TX0001905,4629506280,6530351102,"35,12",usd,1781723305000,ocio,web,pago ocio
TX0001906,3498277064,2933498566,USD 17.56,usd,1783612014,salud,web,pago salud
TX0001907,2284927809,6823345381,USD 64.30,USD,2026-08-12 15:41:20,compras,sucursal,pago compras
TX0001908,5653412139,7855828617,USD 52.11,USD,28-Aug-2026 06:08,,cajero,pago educacion
TX0001909,2069779912,7855828617,-5.17,USD,12/07/2026,ocio,web,pago ocio
TX0001910,4347607386,4983620826,"33,43",usd,22-Jun-2026 06:36,,app,pago servicios
TX0001911,5653412139,4953104850,$85.92,usd,20/08/2026 09:29,educacion,sucursal,pago educacion
TX0001912,3100533532,4135002980,  72.15 ,USD,2026/07/15 21:07:43,restaurantes,app,pago restaurantes
TX0001913,3714328816,3195408319,  71.11 ,USD,2026-08-09T01:49:41Z,salud,app,pago salud
TX0001914,4347607386,2933498566,"22,10",USD,2026/09/07 23:51:46,restaurantes,sucursal,pago restaurantes
TX0001915,4498177346,3006045029,12.73,USD,2026-08-22T07:47:42Z,compras,cajero,pago compras
TX0001916,4987049964,2319945230,22.30,USD,04-Jul-2026 05:53,ocio,sucursal,pago ocio
TX0001917,1000000024,8865793031,USD 19.47,USD,2026-06-24T19:59:12Z,ocio,cajero,pago ocio
TX0001918,4366963124,1000000024,38.87,usd,09/07/2026 02:16,restaurantes,app,pago restaurantes
TX0001919,8026322977,6537787563,43.49,usd,1785962377000,supermercado,cajero,pago supermercado
TX0001920,8026322977,6537787563,76.87,usd,11-Aug-2026 00:39,educacion,web,pago educacion
TX0001447,0767387778,2933498566,49.05,usd,26/06/2026 21:02,transporte,app,pago transporte
TX0001921,8978080987,7855828617,26.84,usd,1782963565000,transporte,sucursal,pago transporte
TX0001922,3714328816,3006045029,USD 102.92,USD,2026-08-20 20:48:24,servicios,sucursal,pago servicios
TX0001923,7851264619,2069779912,N/A,USD,2026-06-25 22:02:31,ocio,,pago ocio
